答题序号,来源,Q1,Q2,Q3,Q4,Q5,Q6,Q7,Q8,Q9,Q10,Q11,Q12,Q13,Q14,Q15,Q16,Q17,Q18,Q19,Q20,Q21,Q22,Q23,Q24,Q25,Q26,Q27,Q28,Q29,Q30,开始时间,提交时间,答题时长,IP省份,IP城市,IP地址,浏览器,操作系统
100000000,腾讯文档,2,,,云南大学旅游文化学院,是,没有,有,有,无,无,将近两个月 五个月,很近,没地铁 在,有,两个,11.3,还行,无,不能,无,有,能,校园卡,会,还行,方便,无,周末可进出,查寝 有正规理由可以回去,还行,2022-07-24 13:31:05,,,,,,,
100000001,腾讯文档,1,[DESENSITIZED],2.0,广东石油化工学院,有是，有不是,宿舍都有，教室的话新校区有、旧校区部分有,有,无,无,无打卡要求,一般就一两个月这样，就正常，不长不短,允许，不远，主要看自己定的取外卖的点,地铁无，学校周边交通便利，但新校区较偏僻，不过也不是很偏，大概公交半小时,新校区有，旧的无,还可以，不限制好像,断，晚上11点多，周末会晚一点，12点多,价格一般吧，不算贵不算便宜，偶尔有人会？我是没吃到过,全天,可以，校区里有设多个自助充电桩地点,每人每月免费使用多少度电来着，我忘了，后面超出这个额度就计费，电费也是不贵不便宜吧,无，但也可以在实验室通宵,没有限制,一卡通，打卡、进出宿舍区、进校门什么的都要用，饭堂可以一卡通，也可以直接手机支付（微信、支付宝都可以）,好像不会？也好像会？比如奖学金什么的是打到卡上的，忘记了,可以，和外面没什么差别，除了买不到菜这类宿舍禁止煮的,不错，很方便，也人性化,多，都是哈啰,晚上11点半，周末会晚一点,不查，门禁了会关宿舍区大门，晚归要登记，说明原因,挺好的，对于二本来说，环境不算差、资源不算差，学风这些看自己吧，有人努力有人不努力这很正常，社团挺多的，平时生活也挺丰富的,2022-07-24 13:43:24,,,,,,,
100000002,腾讯文档,2,,,苏州大学,是,有,无，宿舍楼底大澡堂,只有晚自习,无,无打卡,跟小学生差不多,允许，几十米,有,有,有时候会卡,无,价格中等，不会,7:00到22:00,可以，宿舍楼下,无,有,能,校园卡。支付宝，校园卡都可,会,还行，东西有点贵。,不错,无共享单车，有共享电瓶车，数量不多，欲购从速。,晚九点门禁,不查，能,无,2022-07-24 18:33:52,,,,,,,
100000003,腾讯文档,1,[DESENSITIZED],2.0,重庆第二师范学院,不是,有,有,大一有早自习,没有,一个月有八天到2km,没有小学期,允许，外卖放校门口,两个校区，山上校区15分钟车到山下,有,抢课网速可以,不断，十一点熄灯不断电（不包括厕所灯和阳台灯）,不贵,6：00-8：30；11：00-14：00；17：00-23：30,不可以,不限电，自己交电费,没有,能,学生卡，可以用学生卡实体卡也可以总软件二维码,会,还可以，种类算齐全,都可以收发，发快递价格偏贵,无,晚十一点,查寝室卫生，晚归记名字,无,2022-07-25 05:51:01,,,,,,,
100000004,腾讯文档,1,[DESENSITIZED],2.0,郑州工商学院,郑州校区大部分是,教室没有，宿舍有,郑州东校区没有独立卫浴，但洗澡也挺方便会有隔间,大一有晚自习,大一跑操，大二有早读,没有跑步打卡,正常寒假一个多月，暑假两个多月，疫情放假时间基本再加一个月，小学期4个月左右，疫情封校期间周六会补课。,疫情期间不允许,交通一般，在郊区，需要做公交到地铁站，一般要一个半小时左右,郑州小区只有北校区有，西校区和东校区都是洗衣房,网快，对抢课较友好，但周日到周四晚上十一点会断网,不断电，晚上十一点断网,不贵，会（小概率），曾吃出铁丝🤢,独立卫浴是中午，下午，晚上三个时间段，澡堂是下午两点到晚上十点,可以但没必要，学校真的很小，步行妥妥妥妥够了,每月会有免费送的点，超出限额要自己充电费。大部分时间是用不完的，但是最冷月和最热月是需要充的,没有，只有宿舍,可以,有一卡通，可以吃饭，洗澡，充电费。但是吃饭只要用支付宝支付,会，建设银行,挺好，物价不贵,不同的快递在不同的地方，还相隔很远，领快递麻烦，疫情有段时间不准领快递,哈罗，只有北校区附近有,九点半封校门，十点半封宿舍楼门,只有学生会来查违章电器，封，可以但会被记,"学风：自己想学习就去图书馆！
社团：要交社团费15，不要参加多，疫情几乎没有活动
师资：老师大部分都念PPT，还有念PPT都还不怎么样的，但也有很好的老师
校园环境：学校小的要死
不要来！学校破事贼多，导员事多，学校表面工程多，课前要有课前演讲四年都有！有的导员会根据学生和自己关系好不好来选优秀班委，优秀团员……",2022-07-25 12:10:50,,,,,,,
100000005,腾讯文档,2,,,成都中医药大学,上一人床下三人桌,有都有,有,没有,没有,没有要求,寒假一般一个半月，暑假两个月左右,允许，有的可以送到宿舍楼下，由于疫情有的送到小门，小门距离宿舍一两百米,有，在地铁终点站，到春熙路五十分钟,有,不知道，挺快的,24h不断,不贵，不会,早上8.00-10.00  中午11.30-13.30  晚上18.00-24.00,有租电瓶车的，不知道哪里充,1000w以上电器不准用，用了确实会一层楼跳闸（亲测）,有,随便，没人管你带不带电脑,饭卡，食堂都刷饭卡，小卖部超市可以饭卡，也可以微信,会,挺多的,挺好的,两三种，堆放整齐，有人在管，随便用，20分钟消费一块五,宿舍23.00关门吧，早上不知道。只要温江区没疫情就不会封校,一个月查一次，走过场。晚归会记名字,好像是2020年，学校把以前所有二本专业都提成一本招生了，所以显得调档线低。但是很多原来的一本专业还是得比一本线高40分以上才能录取的哦,2022-07-25 18:40:06,,,,,,,
100000006,腾讯文档,2,,,南阳理工学院,2022年新建了一个东校区，是上床下桌。其他不是,教室没有，只有电扇。宿舍有空调,2022年新建的东校区和青年公寓（好像）有独立卫浴。其他没有。具体看你宿舍在哪,大一有,大一有,我忘了几公里，可以骑车,寒假1个月多点，暑假2个月多点。疫情期间说不准。小学期4个月左右,允许，疫情期间去校门口领。具体看你宿舍在哪,在市里，没有地铁。一般都买电车,有,还行，一般在宿舍就用校园网，挺好的。选课时会卡,不断电,从我19年入学，食堂价格明显上涨，午饭大概10元左右吧。有过头发，小虫子，很少吧，感觉也无法避免那种,好像上午9点左右开始，到晚上10点多结束,可以，有充电桩,一个月送30度电。超出的要交电费。一般春秋时间不开空调不用交电费,宿舍好像有自习的地方，很小,这个没限制吧，听说有人宿舍自带的台式,校园卡充当洗澡卡，也可以在食堂吃饭用。但食堂支持微信支付宝云闪付，一般不用校园卡,会，录取通知书里有，用来存学费的，是建行的。,普通超市,有菜鸟驿站可以收寄,没有共享单车，南阳没有共享单车。但宿舍阿姨那里有很旧很破的自行车可以免费骑，不能弄丢,现阶段是疫情期间，不允许出校门，除非请假。宿舍的门禁是10点半好像,查寝，封寝，能回去，会记名,想不起来，没什么要说的，没有对比也感觉不出优缺点，就一般吧,2022-07-25 18:34:53,,,,,,,
100000007,腾讯文档,2,,,深圳职业技术学院,是,有,有独立卫浴,大一时候有早自习晚自习，后面就没有了，管的不严,没有,不清楚，那时候管得不严，没跑过,寒假暑假跟其他学校一样的放假时间，考完试就可以直接回去了,可以，要去校门口取外卖,留仙洞西区一出门五分钟不到有地铁，西丽需要走一段路才有地铁,有，每一层楼都有1-2个洗衣机,是需要用学生的账号密码登入，只能一个账号登陆一部,晚上10点断网,还可以，不算贵，有些很好吃，慢慢去发现吧,下午四点到晚上十点，插校园卡扣钱,不需要，很近,不清楚，一般插电脑手机充电都是没问题的，不能用锅,只能出校园了,可以,校园卡和银行卡还有热水卡,会,还可以，满足基本需求,可以，基本的快递都有,校园门口外有很多,到晚上十点，在门口抓到要登记，三次处罚,不查，会封楼下宿舍门，能回，不过会登记,校园环境以及住宿环境都是很不错的，而且位于深圳南山区，老师都是来自博士生，不过更多的是要靠自己去主动学习，利用好时间可以去升本或者实习，对自己未来还是有很不错的发展。,2022-07-25 19:36:55,,,,,,,
100000008,腾讯文档,1,[DESENSITIZED],2.0,郑州大学,四人和六人寝是,当年没有,没有，新校区都不太远,大一有,自愿跑，当年给早餐券,可以骑车,暑假时间长点，没有小学期,现在不清楚,离市区较远，交通还算便利,有,挺好的,不断电不断网,价格不贵，味道一般,不清楚现在,不清楚,用完可以买,当年没有通宵的自习室,可以,校园卡一卡通,会,还可以,不清楚,不清楚,不清楚,大一查,学风很好，毕业后发现好好学习才是最有用的，别的都啥没大用,2022-07-25 19:55:13,,,,,,,
100000009,腾讯文档,1,[DESENSITIZED],1.0,浙江农林大学,法学应该是,有,有,大一有,没有但有校园跑,60，可以,正常，没小学期,两百米,有，地铁一个半小时,有，四五块钱一次,还行，半夜可能没有,不断,凑合，有可能，反正衣锦不好吃,早上，中午，晚上五点到十一点,可以，教学楼或者寝室,不限吧,没,能,校园卡，可以用支付宝,建行,一般般,有菜鸟驿站,哈喽，多的,十一点寝室楼门禁,不查，封，能但要登记,不建议来法学，不建议来读文科,2022-07-25 20:24:32,,,,,,,
100000010,腾讯文档,2,,,北京工业大学耿丹学院,是,有,没有 步行10分钟,大一晚自习可以逃,大一一整年晨练,当时可以骑车现在不确定,小学期一个月 寒假一个半月暑假一个月,学校在村里 附近没有外卖商家,最近的地铁坐公交40分钟 公交车进城一个半小时,有,不限制吧,11点断电,比公立校食堂贵,15-22点,不了解 应该不能充,不常开空调的话免费电够用,好像没有,能,刷校园卡,不会,私人超市,校门口摆摊取快递,没有共享单车,毕业啦 但应该随便进？,能回 熄灯既封寝 刷卡进门,工业风 樱花漂亮 学风一般 混学历来的 有国外交流项目 钱多速来,2022-07-25 21:02:00,,,,,,,
100000011,腾讯文档,2,,,广州城市职业学院,是,教室没有，宿舍有,有独立卫浴,没有,没有,没有要求,寒假接近2个月，暑假两个月以上,没有点过外卖，不清楚,海珠校区有地铁公交。路程只有5分钟,没有,一般般,12点断网,不算贵。没有吃出异物,晚上6点半后,不可以,不限电，但大功率电器不许用,没有去处,能,饭卡,不会,没有超市,不记得了,在校外的，共享单车,严格,11点后回不去，有宿舍阿姨,没有了,2022-07-25 22:08:11,,,,,,,
100000012,腾讯文档,1,[DESENSITIZED],2.0,内蒙古科技大学,不是,教室有,没有，大概走7分钟左右,大一有晚自习,好像有校园跑,我们这一届没有,放一个半月多？,允许，5分钟,在市区，周围很繁华,有,还不错,十一点,不贵，很干净,2023/8/20,不可以,不限电,无,能,一卡通，吃饭用二维码,会,还可以,很不错,不让进,正常,查，反正不好进,我在包头师范学院，感觉总体来说不错,2022-07-25 22:25:52,,,,,,,
100000013,腾讯文档,1,[DESENSITIZED],1.0,福建中医药大学,是，大一新生可能会有四改六，即两个上床下桌，两个上下铺,有,有独立卫浴,没有,没有,没有要求校园跑,寒假一个月，暑假两个月，没有小学期，会在大二（管理学类，公管健管）大三（中医，针灸，信管）安排暑期见习八周,允许，商家有校园配送服务的送宿舍楼下,便利，有地铁,一个宿舍一个,不限制设备数量，学校WiFi可以在除生活区外其他地方连，宿舍要办宽带,不断电断网,价格还行，有人会,24h,可以，充电桩,四人间4400w，六人间6600w,有，宿舍楼自习室,可以,一卡通，微信、支付宝（第一食堂、杏林餐厅）,会,物价超高,方便,有哈喽和青桔,需要申请电子出入证,有时候查寝,欢迎大家了解福建中医药大学红十字会!第三十六届福建中医药大学红十字会纳新群：766725490,2022-07-26 08:46:13,,,,,,,
100000014,腾讯文档,2,,,青岛理工大学琴岛学院,不是，我们的话是上床下床6人间,教室有，挺凉快的。宿舍没有,没有。如果住在广场那边其实还好，要是在八教小洋楼（是个别系的女生宿舍）那边就很远,有,大一有,没有打卡,正常放假，不会提前开学的那种,可以点,在城阳区，距离城阳区商区可以做公交车直达。但距离市北区市南区特别远。没有地铁，可以公交车转地铁。到市南区应该1个小时左右，差不多,宿舍楼没有，但有校区洗衣房,还行,10点多？好像是来着,贵点。不会,忘了具体时间了,这个不太了解,别用大功率电器，断电了要跟辅导员说的,有自习室,能，随便带,水卡，一卡通。可以刷卡，可以手机支付,没有,还行，外边也有超市,可以,没数过,已经毕业了,查，太晚的话宿舍阿姨不一定让进,尽量选其他的吧,2022-07-26 09:48:50,,,,,,,
100000015,腾讯文档,2,,,南阳理工学院,两个是，两个上下铺，上床下桌的桌子是三个连在一起，空间挺挤的,宿舍有，教室一般没有，实验室和实训室部分有,有，冷水，基本没人用，热水得去澡堂，就在宿舍旁边，,分院系大部分没有,分院系,不知道,一般都是16个教学周，因为疫情原因，平常假期不放假，加到寒暑假挺长的,🉑，北门和南门,没有，公交车挺多的，一般都是骑电车，学校在白河南边，属于城乡示范区，过了河就是主市区，不远，也就十几分钟,有，每层楼两个，还有一层有个洗衣房，挺多的,免费上网，有时会卡，日常需求足够，打游戏可以办宽带,不,跟学校外边没差别，没有,9点到22点,可以，充电桩很多，微信支付宝扫码，一元钱4小时，充满自动断电，还会退钱,不限，有免费电，用完得交钱，空调比较费，电费正常，五六毛一度,宿舍有自习室，有空调,能,洗澡只能用校园卡，也可以吃饭，微信支付宝都支持，喝水也是微信支付宝或者app,会，建行的，不知道今年变不变，学校所有的钱学费退款补助奖学金反正跟学生的账目往来都是用这个卡,两个天猫超市比较大，还有一些在宿舍餐厅的小超市,全在菜鸟驿站，京东和顺丰的点也在旁边,宿舍有免费的自行车，登记一下就可以用,疫情期间啥都别想了，越来越严，只能请假外出,每天都查，一般是22点，有情况不在需要和辅导员说明，除非大一不在，否则只要你在学校一天就查一天，严的很,校园挺大的，今年又建了个新校区，在东边，据说要把人文学科专业搬过去，挺好的，两个大操场，绿植挺多的，还有各种广场，学风挺好的，图书馆现在都是在学习通提前预约，不需要抢座，一般都开门，只要你想学，随便找个空教室就可以，没人管你，还有很多枇杷树，随便吃,2022-07-26 11:33:03,,,,,,,
100000016,腾讯文档,2,,,广东工业大学华立学院,不是,教室没有,有,有,没有,没有,45天,允许，送到楼下,20分钟到地铁站,有,一般，限制,11:30:00,一般，有,2023/5/12,不能,不清楚,无,能,一卡通，可微信支付宝,发,还行,有驿站,无,不清楚,以前不查，现在查,退钱,2022-07-26 16:04:33,,,,,,,
100000017,腾讯文档,2,,,河南职业技术学院,六人间，两个上床下桌，两个上下铺,宿舍在我毕业的时候还没有装空调，但是有暖气。教室有空调。,宿舍内每层楼有两个单独的洗澡间。,没有,印象中没有，可能有少数几次升旗仪式。但是同宿舍的朋友参加了学生会，她们每天早上都要晨跑。,没有跑步打卡要求。,寒暑假加起来大概是三到四个月。,允许，都是在学校的门口取的，离宿舍不算特别远。,比较便利，有地铁，不在市区，龙子湖校区坐地铁进城大概半小时。,有,限制两台设备，网速还可以。,不断电不断网,价格还可以，吃出过一两次异物,没有限制时间,可以，充电的地方大概是在车棚，没有接触过，不太清楚,限大功率电器，具体瓦数记不清了,图书馆从我入校第二年开始整修，到我毕业也没有修完，所以我的印象中是没有可以通宵自习的去处。,能,可以用一卡通，也可以扫码支付。,会,还可以,有菜鸟驿站，但是离宿舍很远,没有共享单车,封校,不查寝，晚归回宿舍要经过宿舍门卫阿姨处登记。,没什么特别想说的,2022-07-26 21:13:03,,,,,,,
100000018,腾讯文档,2,,,青岛滨海学院,不是,教室连风扇都没有 谢谢    宿舍有空调,无   很远 要爬半个坡,有晚自习,有！,无,记不清了,不允许！,有,有,没用校园网,晚10:30断电！,一般,具体不清楚,不清楚,大功率就不行,无,能,饭卡,会,还行,还可以,无,真是“非常好”,查,……,2022-07-26 22:34:36,,,,,,,
100000019,腾讯文档,1,[DESENSITIZED],2.0,浙江大学城市学院,是,有,有独立卫浴，没有澡堂,大一有早晚自习，有些分院有早晚自习，不一定要上,没有,每学期需跑步100公里左右，男女生要求不同，不能骑车,每年校历不一样,允许，取外卖的地方离宿舍楼几百米,地铁站离学校一两公里，进繁华城区需半小时左右,有,一般般，凌晨偶尔限速,不断,大食堂不贵，有吃出异物的几率,全天,可以，校内有多个充电桩,不限电,不清楚,能,实体校园卡或支付宝绑定校园卡,会,偶尔会有不同的超市入驻,有菜鸟驿站,哈啰共享单车很多,宿舍门禁为工作日晚上11点至早上6点,不查寝不封寝，晚归会发白卡,社团师资还可以，只是学校名气小，资源不多，不建议野心家来读,2022-07-31 22:29:54,,,,,,,
100000020,腾讯文档,2,,,廊坊师范学院,不是,全都是电扇，只有部分教室有空调，还是那种特别老旧的,8.9.10都离澡堂很近，几乎挨着,外院大一有晚自习,没有,没有要求,没疫情的时候是寒假1个月，暑假2个月，小学期实践大概两三周,现在不知道，没疫情的时候外卖可以送到宿舍楼门口，后来可以送到学校门口去取，现在看样子是不能点了,还算便利，没地铁，可以打车也可以坐公交，就在城里,公用洗衣机，一层楼四个左右,校园网很难登上去,11点是规定的断电点，周五周六不断电,新食堂有点贵吧，鑫逸淼的米饭真的巨便宜，我吃到过5块两个菜的,好像是到晚上十点吗？不太清楚了,不能骑电车,大功率会断电,没试过,能,一卡通，可以用支付宝，也可以用建行,学费好像是规定建行卡交,一般般,同上,无,不清楚了,11点阿姨会锁门,没啥想说的了，祝大家好好享受大学生活,2022-08-01 21:40:30,,,,,,,
100000021,腾讯文档,2,,,湖北师范大学,否,宿舍有空调，教室没有,没有,每周日晚自习，很烦,无,无,没有,允许，外卖送到宿舍楼下,没地铁，算是在市区,有，一层楼两个,限制设备数量，并且几乎强制办理校园网,冬天23：00,小贵 会,18：00以后,可以,300W,无,可以,校园卡,会,贵,无,无,封闭管理,每周查寝,快跑！,2022-08-03 20:11:25,,,,,,,
100000022,腾讯文档,1,[DESENSITIZED],1.0,鹤壁职业技术学院,4个上床下桌，两个上下铺,有,有独立卫生间，公共浴室离宿舍很近,没有早自习，大一有晚自习,大一有,第一学期为40，第二学期为60，每年都有，不可以骑车刷公里数，但平时上课可以骑车,一般寒暑假放2个月左右，每年小学期为20周左右,允许，一般在校门口接外卖，离宿舍不远,交通便利有高铁，有火车，在市区,有，公共洗衣机，一般洗衣3元,校园网还不错,不会断网,不贵一般午饭最高不会超过30元，放心，食堂很干净，但是建议如果想带回宿舍吃的准备餐具,11：00～20：00,可以骑，在超市后面，有专用的充电桩，一学期一次性交50元，扫码充电，不过学校有共享单车，3分钟0.5元,不可以超过220V,可以在宿舍通宵学习,可以,学校可能会发中国建设银行的二级校园卡，饭堂微信，支付宝，云闪付都可以，洗衣机，吹风机，饮水机为支付宝付款,可能会，但建议用自己的银行卡,超市很不错，但南校区的最好,快递驿站营业时间为9：00～20：00，手机上必需有菜鸟APP，身份码取件,有单人车，也有双人车,宿舍：周一到周五6：00～8：00，9：40～14：20，16：10～22：00可以随意进出，周六周日6：00～22：00随意进出，出学校大门要有假条（疫情期间）,查寝，封寝，能，但避免不了辅导员和学校的惩罚,校园环境不错，有鹅，鱼，鸭子，学风良好，建议在大学不要真心对待每个人,2022-08-05 19:16:54,,,,,,,
100000023,腾讯文档,2,,,武汉学院,是,有，教室2个，机房4个,有,大一有，可以锁,无,无要求,别的不清楚，但是以信工为例，开学最早，放学最晚，参照物是全湖北的学校。,疫情期间，没有以前自由，但是外卖可以送楼下，不能送楼下的送到北门自己拿,有地铁，去主要地区车费一次5块到7块，一去一来地铁14,每层一个洗衣机一个烘干机，但是据我所知有好几个都是坏的。没人维修，甚至坏了给你拖走，你这一层就啥都没了，点名珠峰2舍,又贵又垃圾，不过是通病。全国的通病，有人不管你也没办法,不,相比公办大学，价格高不少，公办大学10元以内吃饱，这边能吃的起步价15,8-9  12-1  6.30-12.00,有不少学生的电瓶车在学校跑。不知道在哪充电,理论500瓦。每学期有查大功率电器的,别说通宵，平时自习都没几个好地方，基本上只能去图书馆。希望学校开放教室给别人自习,可,一卡通，饭卡，电卡，水卡。消费也可以用微信校园卡，进寝室可以用nfc，前提是手机是华为。小米，ov不可以，其他的不知道。因为是金融加密nfc,2019级发的工行卡,种类丰富，但是面积太小。很拥挤，价格上经常购物的需要个人小资水平，反正不算便宜,菜鸟驿站可以收三通一达和其他快递，顺丰单独的点，京东在菜鸟里面，顺丰可以叫人送寝室，菜鸟的包括京东可以让智能物流车派送,禁止共享单车，学校外面有哈罗,本人经常去图书馆，早上七点起床，在这时候已经开门，晚上十点回来。寝室大门已经拉上一半了。听说有人翻墙进来,每学期一到两次查寝。晚归要登记,"学风很差，社团cjb，师资一般，校园环境小而精致。总而言之，不建议来。第一，学风考风差，我们班的绩点第一居然是作弊来的，一个班三年我才知道，还是因为坐卧附近。很难找到志同道合的学习伴侣，不到期末图书馆的位置永远坐不满。我五楼自习，谁来谁不来，谁生面孔熟面孔我都知道，就这个程度。反正学习氛围差，是整体而言，但是有个别逆天，就像草鸡里面有个凤凰。两极分化严重。
第二，师资，上了大学才知道，也有可能是大学不好，大学老师都一群emm，，，我信工的，反正老师这不懂那不懂的，蛮无语，天天盯着一个破蓝桥杯，蓝桥杯LQB，又称捞钱杯，学校有个一本招生专业，学费贵5000每年，但是入学给2万奖学金，说不好听专门骗一本生来读三本，和我们普通二类没区别，二本20000，一本25000，一本入学奖2万，学校的教材我别的大学不知道，反正我们用的专业教材全sb，图书馆那种权威著作，软工的话，一个人都可以找了抱完。总而言之，没有去处了可以来，来之前看一下民办大学排行榜，武汉学院鼓吹自己前几名。实际上是三类的前几名，民办大学还有一类榜单和二类榜单。望周知）",2022-08-11 18:40:53,,,,,,,
100000024,腾讯文档,2,,,华北理工大学轻工学院,四人间是六人间两个是,没有,没有独立卫浴离宿舍不远两三分钟走到,无,大一材化系下半学期跑别的不用,没有,就正常放一年三个月左右,可以，可以送到宿舍也可以下楼栅栏取,没有地铁县级市不过学校门口好多共享电动车,有一层两个,白天还好晚上卡,十一点有的时候不断,还可以本人没吃过异物,早上九点到晚上十点,可以有充电桩,不太清楚但是宿舍一块充上电脑是没问题的,无,可以,微信支付宝可以办校园卡都可以支付,会,建议买快递,方便有菜鸟驿站,不清楚,晚上十一点,大一偶尔查,避开宿工会的某些张简直。。。。点到为止,2022-08-14 11:45:49,,,,,,,
100000025,腾讯文档,2,,,西北师范大学,是，标准的上床下桌,无,有独立卫生间，但没有独立卫浴，澡堂就在宿舍楼下,没有,没有,好像是一万公里,寒暑假有30到40天，每个学期有20周,允许，下楼就可以取外卖,交通便利，公交车非常的多。有地铁，但需要先乘坐公交车到兰州海关。学校就在安宁市区,宿舍楼下就有,校园网之前比较卡，现在更新设备以后速度挺快的，通常一个账号可以登录一个手机和一个电脑。,周天到周四每晚12点断电，周五到周六晚上都不断电,食糖价格还算优惠，还没有遇到吃出异物的情况,洗澡如果去澡堂的话，随时都有,校园内可以骑电瓶车,没有，如果宿舍的电卡没电了，可以到宿管那里去免费刷卡,通常情况教学楼晚上是会锁门的,可以带,最爱用到的卡有电卡、水卡、校园卡，食堂可以用手机刷卡消费，但是需要下载软件。,本科是会发银行卡的，研究生没有发,学校的超市有很多，住宿区也有不少,宿舍区有多种多样的快递点，挺方便的,校园内没有共享单车,通常情况十一点会有门禁，但是刷卡还是可以进,查寝主要是由学校、学院负责，晚上一般是没有的，晚归仍然可以回去。,社团的种类很多，总有一个会是你喜欢的,2022-08-15 15:32:37,,,,,,,
100000026,腾讯文档,2,,,哈尔滨医科大学,4人间是，女生有4/6/8人间，男生有4/6人间,没有，但有暖气,no，有隔间,没有早自习，早上八点上课，有晚自习，大约是6点到8点,无,无，学校有共享单车,正常放假，,允许，不远,在龙凤区，离商城不远，与东石油和八一农垦临近,有，扫码支付,不知道,断,食堂有一个，最近在翻新，有很多食物很好吃，推荐炒饭,早上八九点开始，,可以吧，这个不知道,限，大功率电器不可,有,🉑,移动，联通，电信都可，食堂吃饭用支付宝，价格正常,no，自己办，不过校内有银行点,生活用品一般都有,看疫情，和上面安排了,不知道,看疫情程度，严重就封校,查,我在大庆校区，不在本校区，over！,2022-08-20 01:02:41,,,,,,,
100000027,腾讯文档,2,,,华南农业大学珠江学院,大部份是，新建的小部份不是,都有,每个宿舍独立卫浴,大一一年有,🈚️,没要求,寒暑假正常差不多放，但最近这个学期比较抽筋会晚放早回，每学期18周,校外外卖不进校（当然有商家会偷偷递）校内饿了么不上楼,不便利，要打车去地铁站，去市区14号线最快1小时,每个宿舍都有,绑定限制两台，多余设备要解绑，网速慢价格贵，但好在稳定,不断电断网,小小贵，有异物但少,17:30-19:30；21:00-23:00（过时间还有一点）,可以骑，但是很麻烦不建议,有钱就行，不限电,自习室10点赶人,可以,用手机支付,会统一办理,多，价格也有不一样，平均比外卖贵1块,有很多站点基本送的进来,不允许,第二天是工作日或者调休日就23:00门禁晚归记过，第二天是周末或者节假日24:00 基本不查夜不归宿除非被小人告状或者倒霉,看老师心情但基本不查，查也会有小道消息传出来，门禁过了封楼，晚归记过,快跑！,2022-09-07 20:29:35,,,,,,,
100000028,腾讯文档,2,,,长沙卫生职业学院,是，但是2022扩招有6人寝，上下床,宿舍有,4人寝有，6人寝没有,没，有,没,无,正常,学校偏僻，,不便利，2～3小时,有自助洗衣机,不咋样,不,正常,11点无,能,无,无,能,一卡通，学生卡，微信支付,中国银行,还行,免费，快递站远,无,6-10.30,查,学校很大，老师很好,2022-09-18 23:06:48,,,,,,,
100000029,腾讯文档,2,,,承德护理职业学院,不是,没有,没有 不远,有,没有,没有,2个月,不行 封校,在市区 但是封校,有,还行,不断电,正常,看情况,不行,不断电 大功率电器禁,没有,可以,水卡饭卡,不会,可以,很好,没有,封校,查寝 说好话能回,管的严,2022-10-15 17:40:07,,,,,,,
100000030,腾讯文档,2,,,仙桃职业学院,分宿舍，新宿舍楼不是,教室没有,独立卫浴,没有,无,无,1，2，4,允许，校门口拿,不在市区,有,还行，限制数量,不断,看个人吧，有异物,不限,可以,800,无,可以,vx支付宝,不发,一般,每个快递有单独快递点,没有,封校不让出,不查,挺一般，仙桃本来就是个小位置，如果不是湖北技能高考的就没必要来了,2022-10-16 01:54:46,,,,,,,
100000031,腾讯文档,2,,,燕山大学,西校区不是 六人间上下床 东校区部分是六人间 两张上下床两张上床下桌的那种,无,无 澡堂离得不算近也不算远 西校区最远的宿舍路程不到十分钟,无早自习 大一有晚自习,无,女60及格120满分 男90及格150满分 好像可以骑车 亲测可以走,因为疫情寒假有一个半月多吧 暑假两个月 无小学期,大部分时间允许 市里疫情形势严峻的时候不允许 离得不算近,便利 无地铁 在市区 但不算市中心 周围有商场 很近很近,有,还可以 时好时坏,不断电 23:30断网,一般 有的窗口便宜 我没吃到过,7:00到22:00,可以 有共享电动车 有充电桩 不过很少很少 需要半夜三点起来抢的那种,大功率电器都不太行,好像没有,能,校园一卡通 扫码支付,会,规模不小 价格据说略高 不建议买日用品,还不错 拿快递比较方便 快递点离得都不远,数目一般 上课时间很难找 都是小鲁班,绝大部分时间不让出去,有时查但不严 好像封 大概可以,学校在河北省内还是公认的比较强的高校 校内有益禾堂 沪上阿姨 幸运咖 蜜雪冰城 瑞幸这种冷饮店 校内还有座小山能爬 地理位置不错 东区图书馆甚至能看到海 只不过一直在封校禁止出门 而且一有疫情就线上上课线下考试 可以权衡一下利弊,2022-11-25 16:15:50,,,,,,,
100000032,腾讯文档,2,,,江汉大学,大一不是大二是,都有，但是制热不好使，室友冻的跺脚（）,北18有独立卫浴，其他我不知道捏,现在疫情期间自习可以和辅导员抗争（不是）商量一下要不要上（？）我们院本来有结果一打听别的院没有，反馈给辅导员然后取消啦！,有1.6公里的跑步，38次满分，15次晨跑是必须跑完（）晨跑规定时间，7.40还是7.50之前跑完，可以骑车刷，我们都叫乐摇（）但是网刷会被系统检测到，建议自己刷，还省钱,1.6，可以骑车（偷偷骑（不是）,正常放，但是开学一般比较早,可以点，北18后面就有一个外卖柜很方便，爽死。北区还有一个五号门可以拿，南区不太清楚,开学到现在快一个学期了没出过校门😊,有,一般般，宿舍连不到,断，11点15，开学星期五星期六期末延长到1点（空调不是一个线路的不断电）,食堂一般般，偶尔吃出来（室友在三食堂吃出来虫子过，好崩溃）,北18每时每刻（？）因为热水器和空调一个线路的不断电,可以骑，有充电棚免费充,挺小的，，，吹风机没法用,不知道（摇摇头）美院晚上九点半赶人（😭）,可以带,学生卡或者zfb，vx吧,会，但是激活特别耗时间（死了）,还不错,挺好的，很方便,美团和哈啰,嘻嘻，全部封死，出不去啦！（不是封控时期可以和辅导员请假申请外出的）,不查寝，11点就关宿舍了,这b学校我真的气的鬼火冒😊，总之就是能别来就别来，缺文凭另说。有钱但是看不到，至少我现在体会不到。有名的江汉高中，带你体会高三的生活！操场时候有演出，学校美女很多，很喜欢🥰（叼玫瑰）（送出999朵）（？）美术生就算了吧，这学校纯艺类的学科学的想鼠，想美术师范也算了吧，有个老师课作业特别多，感觉室友每天都是要死的感觉。总而言之，不要因为它是武汉的就高看它一眼，在学校封四个月我真的会谢，课程安排不合理，p事好多，唉，能逃离就逃离吧（拍拍头）（沉重的转头）（潇洒离去）（玫瑰花瓣散落一地）（。）,2022-12-02 04:55:43,,,,,,,
100000033,腾讯文档,2,,,北京交通大学海滨学院,不是,宿舍有空调电扇 教室有电扇,有,大一有晚自习,没有,没有,正常时间,不允许点校外的外卖,极其不便,有,一般般,23点,价格适中,全天,可以 宿舍楼下有充电桩,300W,无,能,一卡通 微信支付,会,一般般,正常,就一种,22:30锁门,查,奈何桥 妖风,2023-01-05 22:35:25,,,,,,,
100000034,腾讯文档,1,[DESENSITIZED],2.0,南开大学,是,有,没有，有层浴,无,无,男生100公里，女生八十公里（学期短的话会适当减少里程），不能骑车,暑假两个月左右，寒假一个半月左右，每学期16-17个教学周，两周考试周,允许，疫情之前外卖可送到宿舍楼下，疫情期间校外外卖需到校门口取（距宿舍走路5分钟左右）,校门口有地铁，新校区不在市区，进城二十分钟，老校区在市区,有,不限制设备数量,不断电断网,不贵，不会,全天供应,可以,限电三百瓦,有,能,校园卡，饭堂可以刷校园卡，也可以用微信和支付宝,会,距宿舍较近，日常用品基本齐全,有智能快递柜,数目多，有美团青桔和小蓝车,早上六点到十一点半开门,偶尔查，晚归可以让宿管留门,学风好，师资力量强，校园环境好，社团挺多,2023-01-11 17:26:19,,,,,,,
100000035,腾讯文档,1,[DESENSITIZED],2.0,徐州工业职业技术学院,六人间是，四人间是上下铺，旁边有一排桌子,宿舍有,有一栋有，其他楼没有,大一有晚自习,没有,多少公里忘了，可以骑车，慢点骑，不然会被认定违规,暑假两个月，寒假一个月,允许，校外的外卖有的会送到宿舍，有的需要自己拿，自己拿就挺远的,不在市区，地铁在建，进城也就十来分钟，有公交,有，收费，挺便宜的,要办校园电话卡才能用，首充100送一百，每月49月租，首年送会员，网速就每秒7兆左右，限制一台设备,断网不断电，晚上11点断网,不贵，吃出异物会赔偿，一般没有，食堂管理很严格,不清楚，我是有独立卫浴的那栋楼,可以，在西门充电,自缴,没有,能,校园卡，只会在图书馆，体育馆，健身馆会要，食堂扫微信，支付宝,会，建行卡，发奖学金，助学金,还行，比校外贵一丢丢,有菜鸟驿站,一种,现在在校外不清楚，反正我是封了两年,会有学生会抽查，晚上10点关门,我知道你挺急的，但你先别急,2023-03-07 19:53:37,,,,,,,
100000036,腾讯文档,2,,,开封文化艺术职业学院,大部分不是，有几栋楼是上床下桌,没有,没有，不算远,没有早自习，部分专业大一有晚自习,没有,不需要跑步，可以,一个月，两个月,可以，在学校门口取,挺便利，学校门口是公交站没有地铁，在市区,有,挺好用的,不断电,正常价格,早九点到晚十点,可以,不清楚，不过没交过电费,没有,能,洗澡澡卡，其他手机,不会，要自己办,还可以，三个小超市,一部分快递在学校门口，一部分在宿舍楼下,没有,晚上十点,手机查寝,学校不大，但是学校的地理位置比较好，在市中心，交通便利，离景点也比较近,2023-06-12 07:48:57,,,,,,,
100000037,腾讯文档,1,[DESENSITIZED],1.0,山东农业工程学院,济南不是，齐河和淄博是,教室有风扇，齐河和济南没有空调，淄博有空调,齐河有独卫，其他两个没有,大一有早操，大一大二有晚自习7点到8点半,大一有,男90，女60，自行车，电动车滑板车都行，但是要注意步频,寒假两个月，暑假一个月,允许，齐河在校门口，淄博可以宿舍楼，济南不知道,济南很方便，有地铁，在市区，齐河进城10分钟，淄博到八大局得一个多小时,有,最多两台设备同时，5G限速2.5mb/s，2.4G限速1.5mb/s，感觉一般，但能用,冬天断11点半，5月1之后全天有电,食堂价格一般是10块左右，吃出异物情况很少，也不可能出现把鼠头看成鸭脖的情况,不断电全天,可以，有充电桩，要花钱,300W听说,齐河宿舍每层都有自习室,可以,校园一卡通，但我建议不用一卡通，手机微信支付宝就行,会，建行卡，要自己激活,还可以吧，但种类不如外面超市齐全,挺好的，有菜鸟驿站，淄博有无人车送，齐河得自己取,学校里没有共享单车,现在是2023 6 13随便出入,晚上会查寝，封寝不一定，晚归也能回去,来了这个学校吧，你要记住一点，可能你的成绩并不是顶尖，可能只是说平平无奇，但是既然来了，就不要每天上课抱着手机，干点自己的事情，学一点东西，不要把青春浪费在抖音，B站，王者，原神上，现在竞争压力大，加油吧各位,2023-06-13 19:18:24,,,,,,,
100000038,腾讯文档,2,,,郑州商贸旅游职业学院,不是,有，但电压不稳定，有时不凉快,没，,有晚自习,没，学校这么小怎么跑啊,没跑步打卡，学校2分钟走完，骑车?,就正常那样,周末可以点,门口有公交，可以转地铁,一层楼有一个,网络老卡了,不断网，不断电,中午一顿饭10元左右，,没注意,额，学校小的很,正常的游戏本都可以，但那种吹风机就会断电,寝室,可以,微信，支付宝,自己办,较贵,还可以,没有,只有周六周日可以出去，晚上10点,10点,学校小的很（郑州校区）2分钟走完，能别来就别来，不来后悔一时，来了后悔一辈子，还有信息工程系的别报，大二让额外交2w，不然就得转其他专业，最后再说一句，千万别来！！！！,2023-06-20 12:01:07,,,,,,,
100000039,腾讯文档,1,[DESENSITIZED],2.0,青岛滨海学院,不是,教室连风扇都没有，更没有空调 宿舍有空调,少数新公寓有 大部分有 具体情况具体分析,大一有 大二没有,有 除毕业班外,无,正常放,现在允许了,在郊区 还算方便,有,正常,晚十点半断电,有的贵 会吃出异物,澡堂 10:00-18:00,说是不可以 无充电处,限电 超出后每月要多交钱,无,能 随便,校园卡,会,比外面贵是肯定的,正常,无,刷脸,查寝,你来就行，看你后不后悔,2023-06-20 12:14:13,,,,,,,
100000040,腾讯文档,2,,,北海艺术设计学院,是,"有,随便开",有,没有,没有,没有,寒假一个多月 暑假两个多月,"允许,校外点的校门口拿,校内有几个外卖平台可以配送到寝室","便利,离万达,吾悦广场,电动车几分钟",有,还好,"不断电,11点半断校园网","还好,没吃出来过",全天,"可以骑,有充电的棚",不限,"一般在寝室,图书馆晚上会关门",可以,"校园卡,水卡,食堂可以刷校园卡也可以手机支付","不会,除非勤工俭学会统一办理",还好,有好几个快递点分布在学校各个地方,有共享平衡车,11点,"每天都会查寝,11点之后封寝,晚归会被记晚归","学校还是挺好的,平时活动特别多,校园生活挺丰富的,会发烧鸡烧鹅荔枝月饼海鸭蛋等等。",2023-06-20 12:45:39,,,,,,,
100000041,腾讯文档,2,,,吉林医药学院,是，因近几年扩招个别专业可能是上下铺,没有,没有独卫，澡堂距离500～1500米不等,大一强制早晚自习。大二大三看导员有没有要求,有。每周跑一次,没有打卡要求,寒假大概两个月，暑假大概一个月。没有小学期,允许。离宿舍楼不远。几百米,没有地铁，交通还算可以。出门有公交,有,一般。不算太好。高峰期用的人多会卡,每天晚上十点四十断电,有点贵，异物也有人吃到过,洗澡澡堂就是热水。澡堂一般下午到晚上开,没必要骑。学校太小也不需要,大功率电器不能用。正常下来一个月电肯定够用  如果超额就要多交电费,每个公寓都有24小时开放的自习室,能,用一卡通 食堂可以一卡通也可以支付宝微信现金,会,有点贵且坑，态度还差,快递一直在整改。挺乱的,很少。基本没有,疫情放开后基本自由通行了。晚上十点大门门禁,看每个学院情况，有的院严，有的基本不管,如果你能稳进临床，那就来。其他专业真的不推荐 来就是虚度光阴摆烂啥都学不到,2023-06-20 12:41:07,,,,,,,
100000042,腾讯文档,2,,,大连大学,是,无,有的有独立卫生间，但没有卫浴，有的寝室有公共卫浴，有的无。澡堂水不热，离宿舍有远有近,必须有,必须有,男2800，女2000/不可以,2个多月吧,只能校外取外卖,不便利，没有地铁，在郊区，到市里1小时,有，很烂很脏,垃圾得很，收费还贵，大开网垄断学校的校园网，拉宽带1600起一年,本11硕12,贵，食品质量堪忧，特别是有些店的鸡肉(服务中心火锅鸡)吃起来有异味，质感像塑料，难吃的很，还贵得一批，自助餐价格也很贵，量还少。,2023/10/21,可以,一个月25度好像,无，图书馆晚上9.30关门,可,一般微信支付宝,会,物价贵得很，买不了一点,以前在校内取挺方便的，现在有的快递得在校外取了,无,寝室10点关门，校外现在应该也是,查，封,不作为，临时决策，快润,2023-06-20 12:48:52,,,,,,,
100000043,腾讯文档,2,,,安徽科技学院,是,都有,独立层浴，龙湖每层宿舍楼一个浴室  8个位子  有隔板和帘子,大一有晚自习,没有,女1.6男2  一学期跑40次  可以骑车  也可以不跑  就占体育课的十分而已,跟其它学校都差不多  我的专业没有小学期 不清楚,允许  很近  每栋楼下也有外卖货架,挺便利 不算偏,每层楼两个,没用过 不知道,不会断  不限电,正常  没吃到过,早10晚11,可以  充电位挺多,不限,不知道  没试过,可以,有饭卡有房卡  手机和饭卡都行,会,正常偏贵  东西有点少,很正常,没有,早6晚11,不查不封  11点之后关门,我是龙湖校区的，凤阳的情况我不知道,2023-06-20 13:16:01,,,,,,,
100000044,腾讯文档,1,[DESENSITIZED],2.0,中国石油大学（华东）,六人间和四人间是，五人间有一个上下铺,宿舍有，教室没有,一部分有,分学院，看导员要求，我们没有,看导员要求,无要求,寒暑假40天左右，小学期三周左右,可以点，一部分不能送进校园,校门口就是地铁站,有洗衣房,一般，限制三台设备,本科生晚十一点断电,价格一般无异物,不清楚，独卫全天有热水,可以，宿舍楼下充,大功率电器用不了,有,看导员，计算机学院可以,刷校园卡,会,数量较少，建议网购,挺方便,无,进出校门刷脸，在外过夜需报备,不查，不封，能回,无,2023-06-20 14:56:58,,,,,,,
100000045,腾讯文档,2,,,河南城建学院,不是,教室没有,没有，很近,有,有,70公里,两三个月不等,允许,不便利,有,还行,断电11点30,正常价格,早上6点到晚上11点30,不知道,断电,有,可以,微信,不会,一般般,好好,不太够,很严,不能,建议洛阳师范,2023-06-20 15:33:44,,,,,,,
100000046,腾讯文档,2,,,四川工业科技学院,不是，上下床,绵竹校区教室有风扇，寝室有空调,有独立卫浴,大一是跑操，到毕业都有早自习，晚自习是大一过了就没有了,有,没有要求,放假很早，放假时间长。暑期六月份就放假了，,村里面，出行火三轮，,火三轮,有，但是不干净,没用过，不知道,不断电不断网,贵，还很难吃,只有晚上六点左右开始到晚上十一点,可以，没充电的地方,不限电,没有,能,微信支付宝,不会,一般,绵竹校区快递很近,没有,十点,查，封,绵竹校区地理位置偏，,2023-06-20 15:50:08,,,,,,,
100000047,腾讯文档,2,,,福建卫生职业技术学院,有的有，大部分一个套间有3个小间，可能住18个人,宿舍有一个，教室两个，让不让开就不知道,没有独立卫浴，18个人共用两个浴室,没有早自习，大一有晚自习，有晚点,大一会做操，做两遍,60km，不能打车,寒假一个月，暑假2个月,允许，有点远,不方便，有地铁，不在市区,自己买,自己可以装,不断电,还行,24小时,可以，一般在宿舍旁边,不清楚,不知道,可以,微信，支付宝,会,就两个,都行，,没有共享单车,很严,应该不行,别来,2023-06-20 16:11:35,,,,,,,
100000048,腾讯文档,2,,,广东茂名幼儿师范专科学校,茂名校区有，高州校区没有,一般教室没有，机房和师训楼二楼大教室，南教顶楼有,有，南方没有澡堂,大一有早读和晚修，外国语学院下午还有天天练,没有。文学院，理学院有下午跑,没有这项,寒假不足一个月，暑假不足两个月，算是开学早放假迟,不允许，被抓要处分,挺便利，校门有小黄车，小蓝车，还有租车服务，打车也很方便。不在市区，进城需要5-10分钟,没有，但可以买，但不能被发现，学校不允许,30块一个月或100块一个学期，一个账号可以同时链接一台手机和一台电脑，网速挺快，是无线网,不断电，不清楚断没断网,不贵，偶尔会吃出头发，苍蝇，蟑螂等，看运气,每天下午四点半至七点，晚上9点到11点，周末会延长到11点半,不怎么管，没有充电的地方,没有限电，电费自己充，每个学生一个月送8度电。电压限制在3300W，超过会跳闸,不能通宵，宿舍门在11点后陆续关闭,能，最好带，大一就有电脑作业了,饭卡和水卡，可以用饭卡，微信和微信官方程序二维码支付,不会，但有银行过来集中办卡，推荐办建行卡，奖学金，补助金，勤工俭学金等都是建行转账,小，商品不多，不算贵,可以去学校附近的菜鸟驿站，校内也有,校内没有共享单车,比较宽松，进校需要学生证，出校什么都不需要,大约一个月查一次，由校自律委员会查寝，晚归可以回去，但需要在规定时间内到办公室说明原因，不然就处分,教师和辅导员都不错，没有乱七八糟的事，选拔和奖励都比较公平，按成绩论英雄,2023-06-20 16:11:57,,,,,,,
100000049,腾讯文档,1,[DESENSITIZED],2.0,江西农业大学,大部分楼栋是,五教听说要装了，二教没有，宿舍基本都有,部分楼栋有独立卫浴,大一基本全校都有晚自习，部分学院有早自习,部分学院有,大一大二有跑步任务一学期60km？，好像可以刷,暑假两个月，寒假一个多月，好像没有小学期,可以，学校里面和商业街的外卖送到宿舍楼下，学校外面的要去学校大门口拿,不算便利，学校附近有进市区的公交但是间隔时间未知，地铁离学校有点远,有公共的,校园网周日到周四晚上0-6点停，周五周六不停，限制2台设备,只有周五周六不断，其他晚上0-6点断网,不贵，目前没吃出异物,时间不固定，很迷,能，但是充电桩不多，靠半夜蹲点抢,北区不限电，南区600W，东区未知,图书馆晚上10点关门，宿舍不断电,能,校园卡，可刷支付宝微信校园卡,会，工商定制卡,价格还行,菜鸟驿站，南北区都有,无,女寝好像据说晚上11点门禁，男寝无门禁,有突击检查,形式主义有点多,2023-06-21 09:59:40,,,,,,,
100000050,腾讯文档,1,[DESENSITIZED],1.0,唐山师范学院,不是,我在学院路校区，教室里面都有空调！宿舍的话有两栋宿舍楼有，另一栋没有,没有独立卫浴，澡堂就在宿舍楼下,大一有！！而且还有人查，熬过大一之后大二就没有啦,有的，后来有一阵改成了做早操，不知道23届什么安排，周一三五早自习，二四早操,一学期男女生都是32次，女生每次1.5公里，男生每次2.0公里，可以骑车（软件是步道乐跑，有效与否随缘，水果手机一般没事,寒暑假两个月左右吧，小学期不太懂，不知道咱学校有没有,可以点外卖，取外卖的地方相当于宿舍楼到大门口的距离，不过学校小，也不是特别远,学院路校区交通便利，唐山没有地铁，学院路校区在市中心！周边很多好吃的,有的,我一般用流量，不过我室友用校园网，她们说还好，限制设备的，好像是三个？也不是两个，忘记啦,不断！不断！不断！,有一点贵，解封后很少吃食堂，不过还是看你吃的是啥吧，异物的话还好吧我没吃到过,早上十点到晚上九点好像是（记不清楚了,能骑，但是咱学院路校区很小很小，没啥骑的必要，充电的话不太清楚,好像是300w（也记不清了,宿舍每天晚上要报人数，应该是不能夜不归宿的,在宿舍可以用呀，上课带电脑的话…不清楚,门禁和洗澡用校园卡，安卓可以绑nfc，苹果的nfc我试了下没成功，食堂我们一般都扫码微信或者支付宝，忘了能不能刷卡,会,还好，麻雀虽小 五脏俱全,不太清楚，一般的快递都是和快递小哥直接沟通,米有啦，学院路校区很小，用不到,晚上九点半门禁,查寝，宿舍长报人数，很少抽查，晚归的话求一下是可以的,我说的是学院路校区o！大学道校区的宝宝们慎入，学院路校区的宝宝们，你们刚来的时候可能确实会失望，因为真的很小，小到让你觉得不像是大学，但是咱们活动还是很丰富的，而且没有主校区那边事儿那么多，总体来说接受了之后就还好啦！欢迎宝宝们！！,2023-06-22 23:49:51,,,,,,,
100000051,腾讯文档,1,[DESENSITIZED],1.0,河北工业职业技术学院,老校区不是，但是新校区是,老校区在安装，新校区都有,没有，100米大概,大一有，大二大三没有,大一有,没有要求，可以骑车,寒暑假两个多月，小学期三个多月,可以点,门口有共享电车，老校区在市里，新校区在县里,有,还可以，一台手机一台电脑,不断,一楼贵，二楼好点,九点到晚上八点，周六日人多不一定,可以，宿舍楼下就能充电,不使用违禁品就不会断电,没有，宿舍和图书馆到点关门，晚上偶尔会有查寝,可以,校园卡可以借书，水卡可以接热水和洗澡，食堂手机扫码支付,大一刚开学可以申请,一般，比较贵,还行,校园里面没有，学校门口很多,随便进出,查，封，进不去,"学风很好，图书馆去晚了都没位置。社团也很多，活动也不错。
老师经验丰富，也很认真负责。",2023-06-23 00:33:07,,,,,,,
100000052,腾讯文档,1,[DESENSITIZED],2.0,西北工业大学明德学院,部分寝室楼是,只有新教学楼教室有空调，宿舍都有空调,都有独立卫浴,大一大二有早晚自习,无,步道乐跑40次，女生1.6km，男生2km，可以骑车,"寒假5—6周，寒假7—8周，小学期1—
4周",允许，新宿舍楼取外卖很远,不在市区，离最近的地铁站坐车三十分钟,每层都有,有的时候很快，限制一个设备,不断电断网,能接受吧，目前没吃出异物,全天,不能,新宿舍不限电,没有,能,微信支付宝学生卡都可以,不会,还行吧东西比较全,有菜鸟和顺丰,有哈罗,晚上11点关寝室,不会 查寝，晚归可能被训,无,2023-06-23 00:55:09,,,,,,,
100000053,腾讯文档,2,,,山东科技大学,有但很少  大部分是两上下床+两上床下三人一体桌  有几间宿舍本身较小或部分专业是上床下桌  这个要看运气,宿舍有  教室没空调风扇但很大部分都很凉快,没有独立卫浴  宿舍每层楼都有浴室  有隔挡和浴帘,大一有晚自习 七点到八点五十中间休息十分钟  严不严分学院吧  我们是不管干什么的 人到就行 中途随意进出也不管 我们班平时查的很松  导员偶尔来  全凭运气,部分学院有  不晨跑的学生六点半到六点五十要去打个早卡  一般女生多的学院没有  大约六点多七点的样子  没跑过不太清楚,有软件每次八百米 去随机点打卡 一学期三十还是四十次及格  五十次满分  有速度限制但是骑车应该是没被查到过  这学期因为大家刚阳康这个跑步取消了 以后会不会再有不知道,寒暑假一般四十五天左右,允许  大部分外卖可以送到宿舍楼下  偶尔几家不能进校需要去校门去,公交车蛮便利但是没有地铁  离市区坐公交车一小时  去市南区的话要两小时左右,每栋楼一楼有洗衣房,校园卡办29别的卡39   我用起来蛮流畅的没卡过  就是偶尔换地点的时候容易断 要重连一下  我只连了手机电脑  不确定能不能更多设备,十一点开始断电  空调不断电,一般价格  大锅菜几块钱一顿  其他11-14吧差不多   食堂吃的少 还没吃出过异物,早上六点到八点  中午十二点到晚上十一点二十,可以  有固定充电点  但可能不太好抢,没欠费过不太了解  但听同学说他们宿舍每天全员电脑加全天空调   大概三个月就欠费了,每栋宿舍楼有自习室但不太清楚限不限时间,无要求  可以带,校园卡可以买饭饮水机去超市  微信绑定校园卡也可以直接在食堂用微信,我这届是银行的人来学校我们去办  但好像没交钱,大小超市都有  还算齐全生活用品都有,顺丰邮政快递在学校驿站三通极兔在校北门的快递站  两个点都可以寄快递,校易行  电动车自行车都有  去年刚换的车都很新很好骑  最近骑得少但量不算少应该大部分时间不至于得抢,宿舍楼十一点半,看学院要求  我们本来不查寝毕业季有点乱就开始要求各班每晚查了 不过很松  偶尔遇到导员亲自查就算你倒霉了  宿舍阿姨很好说话晚归不会不让回  但是阿姨十一点多就睡了 叫她开门会打扰到阿姨,学校蛮大的绿化很好很漂亮  我个人觉得可能在意的缺点是地方有点偏无地铁、暑假短、非上床下桌  其他没有什么硬伤问题  管教比较松学习和作息全凭自觉,2023-06-23 00:32:26,,,,,,,
100000054,腾讯文档,2,,,忻州师范学院,不是,没有,没有,分系，有的系有,体育系有，别的系没有,目前不跑,正常放,只能送到校门口,学校周围玉米地，打车到市区20分钟，有共享电动车，有公交，无地铁，车比较难打，当地出租车比较黑,每个楼一层有10个,办理校园卡的同学宿舍会给安装宽带，网速正常,半夜1点到早晨5点断电,午饭一般10-15元，异物基本不会,早八到晚十,可以，电池拿回宿舍,300w,无,能,饭卡就是校园卡，食堂付款时用指定的手机软件即可，刷饭卡也可以,会发,挺大的，跟外面普通的超市差不多,寄快递小贵，要12元。其他正常,共享自动车（很多）和站立式的共享电动车（较多）,刷脸进校,基本上没查过，10点半锁楼门（晚会可以提前跟阿姨说，但是要登记）,学校活动很多，跳操比赛，讲课比赛，篮球赛，演出观众等，大部分要强制学生去，这个会很难受，别的还好。,2023-06-23 01:10:51,,,,,,,
100000055,腾讯文档,1,[DESENSITIZED],2.0,珠海城市职业技术学院,1栋9栋是上床下桌四人间，其他栋是六人间，三个人共用一个桌子,宿舍教室都有空调,每个宿舍都有一个厕所，和淋浴一起,没有,没有,15公里每学期，不可以,正常放假，按照地方的教育政策,校内的送到楼下，校外的送到南门或西门,交通非常便利，没有地铁但公交非常方便，从学校到市中心大约公交一小时以内,七栋有公用洗衣机，其他宿舍需要自己购买,我不用校园网，不太清楚，但晚上的校园网好像会断网,不断电，会断网，每天不断电，但需要准时关灯，11:30关灯,有点偏高,每天5点后,校园没有共享单车和电瓶车，有新能源汽车的充电桩,没有,宿舍门禁11:30，图书馆也限时间，建议在宿舍自习,能,支付宝和微信，饭卡基本不用,不会但会建议自己去开一个中国银行的卡，方便以后的奖学金发放,东西基本齐全，,统一在菜鸟驿站拿快递，除了京东要在校外门口拿,校内没有共享单车,自由进出，但门口保安叔叔会看一眼学生卡,晚上不查寝，11:30后不能出入，除非跟宿管报备,学校占地面积不大，里面的社团学生会可以尝试一下，校园环境挺好的,2023-06-23 05:56:35,,,,,,,
100000056,腾讯文档,1,[DESENSITIZED],1.0,河北经贸大学经济管理学院,不是,教室有 23年暑假回来宿舍就有空调了,没有 九号楼倒是很近 一出门就好,有的专业有 一般没有,没有,没有,两个月 四月,允许 看设置地址了 有篮球场 北门东门,有 23年暑假回来学校出门左转就是地铁,有的宿舍楼楼里有 有的宿舍楼去澡堂用澡堂的洗衣机,可以,不断电,不贵 我倒是没有,9-22点,学校小不用 学校出门就是共享车,一般,无,可,一卡通,会 河北银行,可,菜鸟驿站,无,宿舍门禁晚上10点半，早上6点开门 校门倒是什么时间段进都可以,不用 看导员吧 有的导员让拍照 姿势打卡什么的,学校虽然不咋地 但都慢慢变好 地理位置好 虽然学校有点破旧 但大家学习氛围很好 考上本部的研究生也很有潜力,2023-06-23 09:51:26,,,,,,,
100000057,腾讯文档,1,[DESENSITIZED],1.0,肇庆学院,大部分是,有,有,大一有晚自习，大二就没有了,没有,大一第一学期是24次两公里，但是要补体育课跑几次5公里，第二学期32次两公里，骑车坐车都可以,暑假快两个月，寒假一个多月吧,可以点,没有地铁,有的，但是收费，挺贵的，洗一次2-4元,还可以一个月30,不断电，断网的校园网周日到周四晚上12点断，早上6点来,有点贵，多少会的,下午5点到11点,不清楚,没有吧,没有,可以啊,饭卡，刷卡或手机支付都可以,会的,挺好的,有智顺通和菜鸟,暂时没有,23点门禁,不查，会封,回答了这么多就是想说一句军训很变态❗非常非常变态❗早上5点半偷偷起床，6点训练到晚上9点❗非常非常严格动不动就体罚，站半小时军姿不能动一点，动了就罚你❗军训第二天双腿就超级酸痛！如果再给我一次机会我绝对不会填这里，每次回想起军训都咬牙切齿一群神经病，明明才半个月却感觉有半年那么长，听我一句劝……是真的非常非常苦没有夸张……,2023-06-23 12:45:34,,,,,,,
100000058,腾讯文档,1,[DESENSITIZED],2.0,徐州幼儿师范高等专科学校,是,教室没有 宿舍有,有独立卫浴,有,没有,抢体育俱乐部就不用跑,寒假放的早 暑假晚,可以点外卖 只能挂校门上,没有地铁 只有公交 在三环,有,没用 室友说信号不好,不断,一般 吃出过,冬天一三五七 夏天正常,不可以,超过两个800w同时使用会跳闸,有,能,校园卡 食堂可以刷校园卡也可以刷微信支付宝,会,贵,菜鸟驿站,没有,九点半,查寝 封寝 回不去,教室太冷了,2023-06-23 18:41:59,,,,,,,
100000059,腾讯文档,1,[DESENSITIZED],2.0,湖北科技学院,一部分是一部分不是。。。六人寝很挤别来,有,有,都有。。具体看院系导员,有,1公里女生,2个月不到的暑假,可以 门口拿,便利 咸宁不好玩,有,没用过好贵啊,不,一般般,不记得,可以,用不了大概率,无,能,手机支付,会,一遍,方便,有电动车,11点锁门,学生会查卫生,呃 咸宁很无聊 学校不是很考虑学生 建议别来 新宿舍六人寝 柜子很小 真的很挤,2023-06-23 23:56:24,,,,,,,
100000060,腾讯文档,1,[DESENSITIZED],2.0,安徽工业经济职业技术学院,是,有，大教室有，小教室也有，就是有的小教室空调可能不太行,没有独立卫浴，是在每栋宿舍一楼都有洗澡的小隔间，玻璃门隔开，大概有40隔间吧，洗澡高峰期要排队,大一有晚自习,没有，但每个星期一有升旗仪式,没不用打卡，可以骑车。有共享电动车，微信充值,两个月，四个月,允许，取外卖的地方在主教前面，南门口，要看你住在几栋了，有的离得很近，有的有些远,有地铁，在南门，出门走五分钟地铁口,有，每层都有,还可以,晚上十一点,不贵，我没吃出来，不知道别人有没有，有两个食堂，东西两，西三层，东忘了有几层了，东食堂种类多点，西食堂种类略少点,全天,可以骑电车，不清楚哪里充电,不能使用大功率电器，会自动跳闸，然后需要找宿管,图书馆晚上22:30闭馆，环境挺好，拿着校园卡就能进，有电梯,可以，但最好别带，毕竟都不熟悉，先低调做人，看专业要求，动漫设计，室内设计应该要带，可以问问学长学姐,可以用校园卡，也可以用微信支付，校园卡不太方便，用来进图书馆，吃饭带着手机就行,会，和通知书一起邮寄，农业银行的,贵，不要买水果，但是散装的零食不错，还有辣条,可以,挺多，种类就两个，还经常换，所以充值别充多,学院要求不太一样，看学院要求,财经学院查寝，按照135，或者246查，晚上22:30左右吧，晚归能回去，看你和宿管关系,可以多参加一些比赛锻炼自己，大二下学期准备专升本吧，,2023-06-24 12:05:41,,,,,,,
100000061,腾讯文档,1,[DESENSITIZED],2.0,汕头大学,是,有,有,没有,没有,没有,比中小学长半个月左右,能 送上门，但是外卖选择有限,不方便，半小时,有,一般，每月九元每天4g，0:00-6:00免费不限量,不,偏贵 不知道,不限制,桑浦山校区可以，东海岸小区不行,东海岸不限,不知道没试过 宿舍？,能,一卡通，微信支付宝,会,较小,正常？,东海岸无，桑浦山有共享电动车和自行车,无,不管,挺舒服的，但是汕头离珠三角还是有点远的,2023-06-24 14:02:06,,,,,,,
100000062,腾讯文档,2,,,山东青年政治学院,否,宿舍都有，要租用。教室不全有，但都有风扇。,有的宿舍楼有。其他的的每层都有。（填写时间是2023年，现在有好多新的宿舍楼，这两年新生都在新宿舍楼。）,新生都有。有个别学院还有早操,个别学院的新生有,一般一学期38次，每次2公里。现在都是在操场跑，骑车不合适，对别人很危险的。,正常寒暑假，我不知道啥是小学期。,允许。我从入学到现在都是外卖到校门口拿。但是学校里边很多好吃的和奶茶都可以有小程序点单然后配送。,不在市区，但是现在建了一个商业街。有在建地铁。,有,还可以，限制数量。具体看你办哪个牌子了，有的没有校园网，都是校内流量。,不，都不。,贵不贵没有体会，因为没有比较过。问题应该会偶有发生吧，但无伤大雅。,随时，想洗就洗呗,可以，有固定充电桩。,不让用违规电器。,不知道，没有通宵学习过。但是晚上会查晚寝。是的，我大三还在查。,能，你开心就好。,校园卡？支付宝微信都可。,会，交学费用的,还好，基本物品都有。现在有四个，两个大的两个小的,有两个快递点，一个寄快递的地方。毕业季会有德邦常驻楼下。,都是共享电动车，数量有限，但是也不少。,出入都要刷脸，宿舍和校门口都是。,查，能，找导员吧。,emmm，肯定是分数高了就往好的考呗，这个学校生活条件大致可以的，但是也有差的，比如我现在搬的宿舍，一楼厕所贼臭。然后有些规定可能对新生来说不太能习惯。社团很多，学生组织也可以。,2023-06-24 14:13:26,,,,,,,
100000063,腾讯文档,1,[DESENSITIZED],2.0,大理大学,4人寝是，6人寝不是,没有,有独立卫浴，不过热水是太阳能的,临床医学20级没有，但临床医学21级以后是有晚自习的,20级没有，21级有,120公里，可以打车从古城到下关20公里左右，多出来玩几次就够了,2个月以内，小学期1个月,允许，100米,没有地铁，古城到下关要打车或者坐公交30分钟，下关在市中心附近,有,一般，用的人多就慢，人少就快,断电，网要自己办宽带，周日到周四11点半断电，周五周六12点断电，期末前一个月12点断电,不贵，没有异物,太阳能，看天,可以，不清楚,每个人5度，看宿舍人数,没有,可以,完美校园软件,会,古城超市在校内，下关超市在校外,有菜鸟驿站,古城校内有个多人小绿车要付费，下关没有,和断电时间一样,每周五下午查宿舍卫生，不查人，晚归不能回学校,古城很大但是离市中心远，周围有个古城商业化很严重；下关离市中心近但是很小，而且下关只有医学生,2023-06-24 14:47:55,,,,,,,
100000064,腾讯文档,1,[DESENSITIZED],2.0,江西中医药大学,1-10栋不是，其他宿舍是，本人很不幸是上下铺，对此有很大怨气，听领导说有新宿舍楼在建，不知道啥时候能建好,有,没有独立卫浴，部分住宿条件好的宿舍楼有独立卫浴,大一有晚自习，好像有些专业有早自习，不清楚,没有,大一上40次，每次至少1.6km，可以骑车,不记得，就正常的时间吧,可以点外卖，宿舍楼下,不，进城坐公交一小时起步,有,还行,阿姨会关灯，11点，不会断电断网,还行,全天,可以，宿舍楼下就有充电桩,800w,无（我觉得），可以在宿舍,能,校园卡，可以校园卡也可以vx zfb,不会，要自己去办,一般，很小,还行,租租侠，还蛮多的,无吧,一般不会,嗯...能不来尽量别来吧。。,2023-06-24 15:46:31,,,,,,,
100000065,腾讯文档,1,[DESENSITIZED],2.0,沈阳音乐学院,no,教室有宿舍无，宿舍电扇都无还要自己买,部分独卫，长清澡堂在校内,学校没有规定,学校没有规定,学校没有规定,寒暑假有个40天左右寒假略长暑假略短，小学期应该是这边叫艺术实践周，大概一星期左右,允许，步行几分钟，长清食堂外卖男寝甚至能送到寝室床位,桃仙不知道，三好和长清都挨着地铁出行还可以，三好位置更好一点,有,学校不允许办宽带，流量的话看运气有的时候还行有的时候甚至微信都加载不出来,周日-周四每晚22：30，周五周六每晚23：30断电,价格还凑合，异物暂时没有过,只要澡堂还开门都有,学校5分钟就能围着跑一圈骑什么电瓶车,几个游戏本就跳闸给你看,自习有通宵自习还真没有，除非校外,可,微信支付宝，长清校区也可以办饭卡但没必要,建设银行银行卡,价格还行，丰富程度一般,长清校区校内有菜鸟驿站校外有妈妈驿站,硬要说其实长清有倒三轮可以骑,凭学生证自由出入,查寝这个分系有的管有的不管，封寝的，熄灯时间理论上也同时封寝，女宿那边晚归管得严，男宿这边反正我没被记过,大连校区分布在长清和三好哦，学校太小了设施也太一言难尽了，非音乐专业远离吧真的,2023-06-24 17:16:52,,,,,,,
100000066,腾讯文档,1,[DESENSITIZED],1.0,湖北大学,二期宿舍（女）是屋子里一半上下铺、一半上床下桌，住六人。其他宿舍情况各有不同。,除三期宿舍，均有空调（三期有消息今年能进新宿舍住）,二期宿舍均有，其他宿舍不详，多为公共，楼层共享。,无,无,没有学期要求，只有不同的体育老师有不同要求。选修乒乓球时每周要求课外一公里跑步，keep打卡即可（可骑车）。,艺术学院，没有小学期。暑假2.5-3个月（看学院）寒假一个月,有校内外卖可以送到楼下，平台是俺来也、饿了么、快团星球、同学优先等。校外外卖需要到各个校门口取,号称“武汉地图对折两次的交汇点”，交通很方便，门口七号线转一切。大一在阳逻，极其偏远，这一点要注意了,有，每层三个（二期宿舍）,比较稳定，限制设备2个同时在线。有电信、联通、移动可选。wifi全覆盖,夏季不断电（5.1-10.1）冬季断电（11-6点）断电同时没有热水。晚上6:00左右来热水。wifi不断,如果不吃辣椒的话没法吃一些比较便宜的档口，便宜的大碗菜往往辛辣油腻。味道尚可，小炒窗口也不少，还有小礼堂和其他商业区，总体花样不少。食堂卫生还不错，没有听说食堂吃出问题的（太油了拉肚子除外）,夏季中午11:30-13:30，其他时间只有晚上：5:30-11:00,可以，公共充电桩。不能进楼栋充电，部分楼栋下有停车大棚（无人看守）,二期宿舍，400w，且不能使用发热电器（包括卷发棒也会跳闸）,上学期开了楼栋自习室可以通宵，这学期不让进了。所以目前没有,可以,微信绑定校园卡，或支付宝即可。,会,教育超市很贵 但是可以叫三角花园乐而乐的外卖，送到楼下，比较便宜,自己去快递点拿。圆通最远，在正门对面（是的，在校外！）中通其次，其他的基本在校内文学院或一期公寓附近的快递点,不让进共享单车哦,23:00后关部分门，宿舍楼关门。可以敲值夜阿姨但是会被念，还要登记,不查 23:00关门 可以敲阿姨回去但是会被念,大学，大不了自己学…总之欢迎报考湖北大学x,2023-06-24 18:23:53,,,,,,,
100000067,腾讯文档,1,[DESENSITIZED],2.0,天津体育学院运动与文化艺术学院,分区域，北区一般都是上床下桌六人间但大澡堂，南区为上下铺六人间但小独立卫浴，西区类似小公寓型应该也是上下铺但是分房间，东区上下铺住一寝室三个人带独立卫浴。,都有，都装，但是上专业课的楼空调开得都很低，特别冷,分区哦，没有独立卫浴的好像一层楼一两个吧,无,无,没有这个要求,寒暑假特别弹性，小学期进度为零，寒假会很长两个月以上，暑假十分抽象可能一个月到两个月,允许，南北区有兼职的送楼下，东西区的可以自己在东西门自取，走一两分钟就到了,不便利，没地铁，去天津两小时去北京一个半小时，但是校车每周都会去天津和北京，每天基本都有公交去蓟州的万达和鼓楼。,有，一层两个自己下app扫码洗,。。改良后稀烂，看看电视剧综艺还行，想打游戏有点点卡,不断，根本不断，装了蚊帐后全靠你自己关灯,我觉得贵，吃出异物概率高但是你去反馈能很快解决，不过也有便宜的，只是可能食堂的油之类的都不太好,全天，随你什么时候洗,不可以，除非你是店家送外卖自己充电,应该不限电，宿管查得严，被捉到用大功率就通报处分,无，自己关床上偷摸卷吧,随你带，平板相机什么都可以,洗澡的水卡和出门的一卡通，食堂微信支付宝,不会，你自己办或者等开学统一办,东西算多，除了日用品以外吃的喝的价格是正常的,正常的菜鸟驿站，里面一个外面一个,根本没有全靠腿走,晚上十点半后基本就很难进了,查，天天查的和一周查好几次的，十点半左右封，晚归只能在外面求宿管阿姨了,巨小，离市区远不方便出行，食堂很抽象，但是帅哥美女遍地，一般专业老师都不错，公共课老师走运的话遇到的也不错，表白墙什么东西都有如果你刚入学不知道怎么办就多看看表白墙，自我支配时间很多，虽然氛围没有中传之类的好，但每年也有很多考研上岸的，学费在民办里也是中等吧，祝你好运如果有更好的选择就去更好的选择，如果没有希望你来了也好好努力。,2023-06-24 18:24:03,,,,,,,
100000068,腾讯文档,1,[DESENSITIZED],1.0,中南林业科技大学,不是，大一8人寝但是两个独立卫浴，我们院女生大二大三大四的4人寝是澡堂，20个人挤3个厕所，不如8人寝,教室只有几个有，宿舍都有,8人寝有，东园女寝有几栋没有，20人挤3个厕所，据说还要扩招，那就30个人挤3个厕所。,无早自习，但是大一有晚自习,无,女生75男生90，可以骑，但是容易被抓，亲测苹果手机不行,一个多月，两个月。18周,允许，我们就在楼下,有，在,有，一个寝室有一台。但是东园女寝5个寝室共用一台,烂,不断,还行，不咋吃,6-8 12-14 18-24,听说下一届不可以了,不限电,没有吧,能,微信支付宝,会,还行,还行,没有共享,晚上12点锁寝室门，早上5点开,不查，不能超过12点,呃快跑吧,2023-06-24 18:39:34,,,,,,,
100000069,腾讯文档,2,,,潍坊职业学院,不是,没有！21年没有，22年上半年也没用，每一届毕业生都听说自己走了以后有，我去之前也听说宿舍装空调了，最后没有！,澡堂就在宿舍楼里,有，我在校期间抓得很严，后来把学校骂上热搜就让早自习带早饭了,奎文没有,我在读期间没有这个,这个正常放吧,奎文从学校最北到学校南门,奎文校区是在市中心，潍坊没有地铁，但是公交还可以，骑共享单车去泰华也就十几分钟,有，不过要收钱，洗衣机还不怎么干净,隔三差五连不上，然后就拨打4000385858让他们给我刷新一下,我在读期间十一点断电凌晨四点恢复。但是一些宿舍电路非常不好，隔三差五跳闸停电，宿管阿姨就说是我们用大功率电器了。胡说八道！我们宿舍没用也断电！,价格还好吧（指对比市中心），但是商店价格贵，商店价格堪比景区。后来学校被骂上热搜他们立马降价了。,不记得了，好像是中午，晚自习之前还有晚自习之后到十一点。但是，排水有大问题，洗澡隔间一地积水，很糟糕,好像见过人骑电动车，但是不确定,不知道，隔三差五跳闸还被宿管阿姨说用了大功率电器,啥？早自习你起得来吗通宵自习？,能,微信支付宝,会,非常恶劣！！！！疫情期间恶意涨价，学校上同城热搜之后才开始管控,还行，不严,学校里面没有，外边有，感觉潍坊很提倡共享单车，只不过我不知道潍坊的自行车怎么借,实习一年了，马上就毕业了，所以不清楚了,查，没晚归过，不过你可以让一楼的同学偷钥匙给你们开窗,不建议去。学校环境还可以，但有些老师是真不行。能不来别来。有个老师是出道当明星太糊退圈，百度百科能搜到，遇到她当班主任的话就考虑考虑是不是这辈子的作的孽找上来了。她面对面的时候还行，长得也不错还很好说话的感觉，见不了面她就不做人了，她最后把所有学生都删了，听另一个老师说她刚来的时候还指导过她给她帮助结果后来有一天这个老师忽然发现自己被她删好友了，你就说6不6。最后一年可以考虑上班每天就蹲在手机电脑前边看学校布置的任务给学校做就业率的虚假数据。,2023-06-24 19:03:30,,,,,,,
100000070,腾讯文档,2,,,景德镇学院,四人间是，六人间会有两个下铺。（四人六人间大小一样的，男生基本上都是四人间，女生有一大部分都在六人间。）,教室有电风扇，宿舍有空调（会强制收使用费，不交会emmm你懂的）,有独立卫浴的，不用担心,大一会有晚自习，现在好像还有早操了,好像有早操的,这是今年（2023）的新规定，不太清楚，但是不能骑车,寒暑假放假大概都是两个月（不到），学期是18周，会比隔壁晚回去。,允许外卖，宿舍旁边就有外卖柜，但是有些外卖需要到西门东门拿,没有地铁，不在市区，进县里大概半个小时，去市里要一个多小时了。,一楼有洗衣机房，四块钱一次大概,网还行，有时候会卡（限制数量来着）,截止目前不会（2023.06.24），就是有时候会停电,价格不算贵，也不太便宜，有的时候会有异物（头发、洗碗球什么的）,晚上六点半开始烧水，大概七点多能热，一直到十一点半。冬天有时候早上会有热水，大概到早上八点半就结束了。,下个学期好像就不让电动车了，没有能集中充电的地方。,目前不限，下个学期可能有限制,有自习室，但是通宵一般没有。,上课不能用，但是平板一般可以,有水卡校园卡，但是一般手机上一个“易校园”就能解决。,会有九江银行卡,在后面的产教楼，东西挺齐的，就是价格会没有外面那么便宜。,没什么规定,目前没有共享单车，据说下个学期引进，一般是青桔，十分钟两块钱。,南门一般是十一点半关门，其他门没有门禁。,有时候查寝，平时晚上十一点关寝室门，晚归只能翻一楼同学的窗户了。,"……能反映的渠道不多，好吃的不多，有点盲目扩招又没那么快建好楼，就会让原本的学生受苦。
篮球场就在东区女生寝室楼下，每天都很吵。
一些公共场所会因为在某个学院，然后会被所在学院学生占据（操场、羽毛球馆什么的）
不要太指望，放低标准能存活。",2023-06-24 19:25:00,,,,,,,
100000071,腾讯文档,1,[DESENSITIZED],1.0,天津商业大学,是 全都是,都有 宿舍要自己开通,新南区独立卫浴 其他区没有 没有独卫很爽没有卫生问题 澡堂很近,没有,没有,没有 体育打卡 一学期20次 在体育场待半小时就行 一学期的体育课就够了,寒假俩月 暑假不到仨月,允许 四处外卖柜 也有送到宿舍楼下的,便利 是一站公交始发站 离地铁也不远,有,好用 一个月免费40g 超过一元1g,十一点断电 有的宿舍区十二点来电 不断网,不贵 一般,十点前都可以洗澡,可以骑 在西操那边或宿舍楼下,300-500 各楼不一样,通宵应该不太行,可以,一卡通 无现金校园,从22级开始不发了 要自己办理中行,日常用品建议pdd 吃的不错,各个快递都有,大部分哈罗 小部分小黄和小绿,晚上十一点,我们没查寝过 十一点之后可以找阿姨 会有打卡,天商在天津算校园条件宿舍条件不错的了,2023-06-24 19:43:43,,,,,,,
100000072,腾讯文档,2,,,景德镇学院,否,教室没有，宿舍有，但是要交空调使用费！录取通知书只会写不含，实际上要的，不交卡你,有,大一有晚自习,有做操,跑步不清楚，可以骑自行车,还蛮久的,允许，楼下很近,还行，去县里公交车20分钟，市里约40分钟,有,不太好,不断,不贵，偶尔有异物,18：30—22：30,不可以,暂不限,宿舍内有自习室,能,不用卡,会,东西少,还行,无,晚上22：00南门关门，西门暂时24小时,偶尔查，晚回去要报备,建议就是能不来就不来,2023-06-24 19:53:01,,,,,,,
100000073,腾讯文档,2,,,上海音乐学院,是,有，教室空调跟不要钱一样还有热水,无，浴室就在走廊里，每栋每层一间，一间六个位置,没去过，但是如果想晚自习可以问辅导员，记得是会提供空教室,无,无，且学校占地很小,全上海寒假时间最长的高校值得信赖，16周的时候期末吧大概,允许，校门口有外卖柜，很近,市中心，很方便，学校门口就有地铁，四号线和七号线,有(但有的楼层没有烘干机),问题不大基本够用，覆盖宿舍楼和教学楼(没实验过，至少同时登两个没问题),不断电不断网，十二点熄灯断热水,不便宜，菜不好吃，麻辣烫和早餐还可以，没吃出过什么东西,晚上12点断水，早上不知道，白天一直有,有看到停电瓶车的地方，我没骑过车,没感觉，不用大功率应该没问题,宿舍十二点左右门禁吧,能，宿舍还能四台电脑同时玩,校园卡(兼饭卡/热水卡/宿舍开门卡)，目前食堂已经可以扫微信了,会,没有超市，但附近有罗森全家和枫林路菜市场(,校内快递站可以收发(晚上九点关门),没见过(。)我是死宅,凌晨也可以进学校，但是有宿舍门禁，大概晚上十二点到早上六点？,不查不封，太晚了可以翻一楼认识的人的阳台,社团都有每年招新，不过学校本来就人数不多，社团里的人也不多，学校总体环境还是不错的,2023-06-24 19:33:44,,,,,,,
100000074,腾讯文档,1,[DESENSITIZED],2.0,湖北汽车工业学院,桃园是上床下桌，其他不清楚,教室有的有，宿舍一般都有,桃一桃二（女生宿舍）没有，澡堂在别的楼得走大概50～100米,这个不清楚，我是专升本的，我没有,专升本的没有,上学期是20次（女生800男生1200），这学期是35次,不清楚，刚待一年（）,允许，有的外卖可以送到宿舍楼下，有的不行,不便利，狗屎学校，别来,有,乐色,晚上11：00断电断网，好像是。,桃园垃圾，其他不清楚。,7～23,可以，充电问题不清楚,好像是800w吧,不清楚，没试过,能,有个水卡和一个学生卡，饭堂支付宝或者微信扫码,会,还行，去的不多,取快递极其麻烦,无,不清楚，刷脸进出但好像可以跟着混进来,一般不查,依托沟使，建议别来。老师不作为，桃园食堂经常吃出问题，在年级群里反馈好几次没人管。这沙乱学校主打一个“只要没死就不管你”^^,2023-06-24 20:14:19,,,,,,,
100000075,腾讯文档,1,[DESENSITIZED],2.0,泉州经贸职业技术学院,部分是 看分配,有,有,无,无,不用跑,疫情早放了几次 后面就正常放假 没有说很晚什么的,可以 看宿舍楼在哪 要去校门口外卖点取 但整个学校蛮小的 也远不了多少 都五分钟以内吧,还行 没有地铁 打车到万达二十分钟吧 校门口挺近的就有一个小的商业广场 星巴克海底捞肯德基麦当劳都有,有,还不错但当时九栋大部分宿舍可能连不到 现在不知道有没有更新 但宿舍也可以自己牵网线,不断,还行 基本集中在某一家吃出了 现在那家还在不在不太清楚了,九栋24h其他楼好像到十一点？是那种热水器的好像11点以后有存水没用完的也能洗 但不能太保证 本人住九栋24h不断确定的,能 九栋楼下停车处就能充 其他楼应该也一样,九栋不限 随便造 锅吹风机卷发棒空调从没跳过闸,图书馆？好像不关灯的 但是教学楼会锁,能,一卡通 也可以微信支付宝,会农行,还行,两个快递点 还不错,无,11点 但晚归可以看看门卫 睡了就可以翻 偶尔运气不好会被抓就去扫脸扣德育分班主任可能会谈话 但问题不大,查 不严 封 十一点到六点 其中九栋没门禁,学校蛮小的 赶早八蛮方便的,2023-06-24 20:08:12,,,,,,,
100000076,腾讯文档,2,,,中山大学新华学院,是,有,有,大一有晚自习,无,无，但是有工作日男生10000步女生8000步的打卡,寒假大概一个月？暑假2个月。没看到有小学期,可以（广州校区，听说东莞校区好像不太行）不是很远,方便，可以走去地铁站，也可以出门直接坐公交车到6号线的其他地铁站,有,一般听说，我没用,不断,不贵，异物暂时没听说过。学校在城中村，出去吃和在学校里差不多钱，10-12左右吧,早上有一段，中午有一段，晚上好像很早就有了，可以洗到12点,不行,不限电，你充就能用😂,没,可以,可以刷卡，可以支付宝或者微信,会统一开学办,还行，觉得不好可以上美团订，或者外面也有超市,挺好,没有共享单车,感觉不是特别严,不查。晚归看运气,比我来之前想象的好挺多。校园比较小，但是早八上课就很方便！出去玩也还行，去大部分地方坐公交1个小时或者40分钟左右。学校门口的糖水非常好吃。学习什么的就是靠自己。师资有好有坏，多问多学吧。大部分专业课都挺好的👌🏻,2023-06-24 21:09:03,,,,,,,
100000077,腾讯文档,1,[DESENSITIZED],2.0,中央美术学院,有的是有的不是,都有,有,没有 但是晚上法国人的课会上到很晚,没有,没有,暑假两个月 寒假去年被疫情影响了不太知道 正常应该是一个月（？ 一年三个学期 最长的是第一学期,允许 很近 基本宿舍楼门口,不便利 到地铁站要坐公交大概五六站（？ 很偏很偏 最近的综合体打车的话也要快十分钟 进城地铁两小时起步,有 四六层各四个 男生在二楼 不太知道,宿舍的看你自己办的哪个套餐 学校的很烂（）,不断网不断电,贵。。。。。。。。没吃到过异物,好像一直都是有的,没有在校园内骑车的必要..（）学校特别小,不太清楚（）电吹风最大档用不了,没有,能,校园卡刷卡开门 刷脸也行 食堂刷校园卡,会统一办，但是可以不办,没有超市（）宿舍附近有联华全家便利蜂,有快递柜和摆摊 摆摊只有每天晚上能拿,没有,晚上11点 晚归阿姨会给你开门 会记名字 但是没有什么影响,好像晚上没查过寝 但是平时会查卫生和违禁物 不封寝 想走可以走 晚归能回去,女生很多美女很多大家人很好都很友好！蛮干净的学校（毕竟很新）老师们也都很好很博学很友好很值得尊敬 但是管理层真的很难评…（。）这个怎么填我是央美中法的啊啊啊 上海校区的不是北京的啊啊啊,2023-06-24 21:02:17,,,,,,,
100000078,腾讯文档,2,,,天津财经大学,是,教室大部分都有，有小概率没有但是也有风扇；宿舍有，分开交电费还有押金,没有独立卫浴，统一大澡堂，卫生一般，人多的时候可多头发,没有,没有,没有跑步,寒假很长好像有五六十天，暑假相对来说比较短,能点，宿舍区南北门都能拿,校区门口走几分钟有地铁站，在市区外卖挺多,澡堂有洗衣机还有洗衣房，不过没用过,校区教室里信号挺好的还，公寓自己弄了wifi,晚上十一点半断，空调不断,价格还行，有最低四五块的穷鬼套餐，还不错，没吃出过异物,不要太早或者太晚就行，早晚十点之间都有,有人骑，还有酷炫代步车，充电问问宿管应该可以,虽然说限但是没跳闸过所以不太清楚，大概不能用吹风机,公寓有自习室，好像有几个，不过我没去过,能,都是校园卡或者手机支付，澡堂只能校园卡,有，我们是一块办了工商银行的,没用几次，好像贵，反正可以多多买菜什么的，而且不多远有人人乐什么的,挺方便的有几个快递点,美团支付宝青桔好像都有，第一节课上课之前特别多,刷校园卡出入,不查，好像十一点多关门，不过晚上不回也没事,在这里混还是挺舒服的，用功的人也很多，社团也挺多，碰到的老师大部分也挺好，学校很大一块荒地走路有点麻烦，不过还行吧，，，,2023-06-24 21:14:22,,,,,,,
100000079,腾讯文档,1,[DESENSITIZED],2.0,烟台南山学院,算是吧，但是六人间桌子不够用,教室除了领导办公室其他没有，宿舍只有空调四人间有，但是价格贵，还必须要申请才能入住,南山校区没有独立卫浴，澡堂离宿舍大概五分钟走到,大一有，其他不知道，在快期末考试的时候部分早操跑步，会改成早自习,南山校区艺术与设计学院和外国语学院有,没有，不知道,放假时间很短，正常暑假大概五十天，寒假时间更短,名义上不允许，但是点外卖也没有人管，南山校区宿舍距离差距太大，离去外卖的地方也不相同，大一宿舍离取外卖地方近,不便利，在村里，进城要好远，两个校区都一样，地理位置极其恶劣,有,不好，停卡的感觉,限电，白天500w，晚上十点后200w,价格感觉贵，没有吃到过异物,下午三点到七点，女生全天，男生2，4，6可以洗,学生除了送食堂外卖的骑，没有见过其他学生骑过,一般宿舍白天500w，晚上十点200w，极其容易断电，如果断电要去找导员签字，楼姨签字，行政村签字，非常麻烦，遇到不好的导员还可能给处分。四人空调间不限电,有大一都有固定教室晚自习，两节课，从七点到八点四十,能,学校有水卡和一卡通，水卡用来接水，也可以用来去澡堂洗澡一次五块，一般没人用去洗澡。一卡通可以在学校一楼食堂使用，还可以用来交电费,会,学校宿舍二楼有小卖部，价格还算合理,南山校区学校有菜鸟驿站，学校外有申通快递，拿快递还是比较方便，,南山校区学校内没有共享单车,没有门禁，随意进出,晚上查寝，不能晚归，查寝力度大，,学校里奉行卫生第一，领导第二，学习第三，形式主义非常非常严重，每天都会查宿舍卫生，尤其对大一上学期，地拖的要比镜子干净，统一被褥，要求豆腐块，每天打扫卫生的时间要比学习的时间还要长，如果真的是想要混一个毕业证的没必要在这里遭罪，如果真想学习的也没必要来这个学校，卫生太浪费时间了，我反正在这里呆了一年，很后悔，当时为什么不去复读呢？学费贵又学不到什么东西，民办学校本来就是为了挣钱的，但是也根本没有把学生当人看。所以能不要来就千万不要不要不要来,2023-06-24 21:50:15,,,,,,,
100000080,腾讯文档,2,,,烟台大学,不是,都没有，教室只有头顶风扇,都没有独立浴室，部分楼甚至没有独立厕所。有的澡堂在楼内，部分楼外的也不太远。,分学院,分学院,没要求这个,山东普遍放假时间短，暑假一个月多一点点吧,允许。就是学校大门到你宿舍那么远😇,便利。每个校区出门即是公交站（新校区不知道），烟台无地铁，在市区,有,很一般的正常水平,断电不断网吧。周日到周四十点五十断，周五周六十一点五十断，都是早上五点半就恢复。,有平价好吃的也有贵的，不太平均。可能会。,早上六点到八点；中午十二点到晚上十点多。,可以，不知道🤷‍♀️,忘记了..,没,可以，无所谓的。不知道军训期间会不会要求，可以在那段时间稍微藏一下,基本不用校园卡。vx和zfb消费就行,会，农行的,都有711和超市，感觉挺全的,校内有菜鸟，这个按菜鸟政策来吧应该,校内没有，校门口有。数量还挺行吧就是去太晚可能还是不够,凭面部识别随便出入，晚上应该是十一点不让进。宿舍楼早上五点四五十才开门。,会让宿舍长汇报人数但是没人来查。晚归回不来晚上会封寝,学校有点小其实，教学楼比较破旧，保留了一种复古的美感……还是不太建议考虑吧,2023-06-24 21:34:15,,,,,,,
100000081,腾讯文档,1,[DESENSITIZED],1.0,河南农业大学,否,教室没有 宿舍有,没有独立卫浴，澡堂在楼外,非常好早晚自习，早7点晚7-9，想上高四欢迎您来😇,许昌校区有,没有跑步打卡,正常，暂时没有小学期,可以点，但只能放大门口,老区在市中心，周围360正弘城健康路等，新区过个桥就是地铁站,有,学校的不行，bj还可以但只能连一个设备,不断,不贵，新区皇家农学院食堂有够奢华,桃李6:00-23:00，新区中午开,可以，有充电桩,桃李限电350,无,可以,校园卡，食堂刷卡或二维码,会统一办理,一般,还好,挺多的,校园没门禁，宿舍十一点关门,不查寝 十一点后晚归要找宿管阿姨,,2023-06-24 22:03:42,,,,,,,
100000082,腾讯文档,2,,,广东工业大学,是,有,有,近几届新增,无,72公里，走路即可,正常长度，小学期是什么？,允许，就放楼下，部分送到宿舍门口,大学城校区出门两百米地铁口,自购,平时还好，大型赛事会卡。一般六台左右都可以,不断电,贵，读了四年出现一次异物,晚上5点多到12点；中午貌似也有,不可以，禁电瓶车,没试过跳闸,没试过，不清楚,能带,微信支付；支付宝,发，也可以不激活,感觉不如校外,还行,大学城校区内仅允许哈喽,无,不查,本科觉得住宿环境很吵睡不着差点玉玉，现在读研感觉安静多了。建议自备海绵耳塞和睡眠眼罩,2023-06-24 22:26:22,,,,,,,
100000083,腾讯文档,2,,,福建师范大学协和学院,是，但是师大有四人间有六人间，2022级新生从四人间被迫搬到六人间，厕所阳台小且旧，环境都不如四人间，叫我们搬走的目的就是为了改造四人间变成六人间，扩招，可能会有上下床的情况,有,有独立卫浴,无,无,没有要求,寒假暑假时间都和其他院校差不多,允许，可以点校内食堂外卖，校外的得看商家有没有能力送进来哈哈哈哈大部分可以,有地铁的，不在市区，坐地铁进城挺快,有付费的洗衣机,还行，本人活动或者移动的的时候会经常断开，但是在宿舍教室还行,不断,贵得看食堂，一般都是8-15左右吧，异物一两次吧还能接受，不是出现什么很奇怪的东西,有热水器，全天,可以 宿舍楼下有专门的充电桩,不限,有门禁不行好像,能,学校里用学生卡,会,师大还不错，协和就不行贵！死贵！,目前好像绝大部分快递都可以收都能拿,青桔,周一到周五22:30门禁，周六周日23:00门禁,查 封 回去看你实力,别来……,2023-06-24 22:52:19,,,,,,,
100000084,腾讯文档,2,,,信阳学院,是,大教室和宿舍有空调,老校区没独卫，新校区有,大一有晚自习,无,无要求,正常大学放假时间,有些外卖进不来，要去校门口拿。有些能送到寝室楼下,有公交站,老校区一楼有，新校区每层都有,垃圾,十一点断电。空调不断电,不贵，偶尔有异物。见过别人吃出过蟑螂,10：30之前？,可以，楼下有充电地方,大功率不行,无,能,食堂挺便宜的,我19届有，后面好像没有,一般,方便,电车,松,偶尔查寝,学风还可以。不过分够的话去郑州西亚斯更好。从学校到城市，西亚斯都更占优,2023-06-24 23:04:03,,,,,,,
100000085,腾讯文档,2,,,贵州工程应用技术学院,37开  3是 7不是,"普通教室和宿舍都没有  实验室有空调
但是气温比较适中，不刚需",有，没有公共澡堂,各学院不同，一般是导员安排，经管学院没有,没有,各学院不统一，经管学院不做要求,"寒暑假时间属于大学正常水平，不是最长但也不是最短。
小学期一般是两个星期",允许，但是只能放在大门，各宿舍楼不同 ，距离最远需要5分钟,交通便利，整个毕节没有地铁，就在市区政务大厅旁,有公用洗衣机，但建议自己买一个，会很方便,是运营商进校安装，价格实惠，我们宿舍是移动的29元一个月200m宽带，6个人12+设备完全够用,全天不断电，不断网,均价在10块钱左右，有些店面会有,早6晚11,允许，不能在宿舍楼充电,"每月赠送30度电，10块钱10度，无上限
一般送的30就够用，用电多的会用40左右",图书馆21点闭馆，但是教学楼教室不限制,不限制,有饭卡开学统一办，微信支付宝现金也可以支付,会,每个宿舍楼一楼都有小卖铺，东西比较全,"西区有统一快递点，离宿舍5分钟路程
东区只能放校外，出学校大门1-5分钟路程",校内没有共享单车，校门口有数十辆，目前只有骑电,"学校大门没有门禁，西区宿舍11点关门
东区宿舍，东一11点关门，东三、东四没有门禁（看运气分宿舍）",不会查，不封，晚归可以进，但是宿管阿姨会上报导员。有事可提前叫阿姨留门,"整体不错，宿舍大多是6人间的上下床，小部分是4人间（全看运气分）。
社团总共有100多个，基本上每天都会有社团活动，有时也会几个社团联谊。
老师最低学历研究生，部分是博士
学校规模整体一般，东区有一半属于开发区",2023-06-24 22:58:03,,,,,,,
100000086,腾讯文档,2,,,福建师范大学协和学院,原本是上床下桌四人间，但是因为23级扩招，我们四改六！今年的大一新生应该是住四改六的宿舍，上下铺，没有上床下桌，介意的别来！,全覆盖,独立卫浴,无,无,没有打卡要求，但是大一上学期要测十二分钟跑，可以骑车,寒假一个多月，暑假两个月,师大可以送宿舍楼下，协和只能送到校门口,有地铁，从西门出发要走十几分钟，小东门出发比较近，七八分钟,有,不卡，但是很容易掉线，下楼就掉线,不断,不贵,随时都有,可以，有充电桩，宿舍楼下和教学楼都有,1200w,有24小时图书馆，在师大,可以,校园卡，可以直接手机支付,会,挺好的，但是比较贵,挺好的，有专门的快递站,数量多，就一种，一次一块五,周一到周四，周日十点半，周五，周六十一点,看专业，有的查,本来觉得挺好的，但是叫我们搬宿舍真的很不爽，还是四改六，而且一周查好多次卫生和电器，真的别来！上下铺住的会很不舒服，不过不用担心吃的问题，众所周知，福建吃饭大学，食堂特别多，但是协和食堂很难吃，我觉得能选更好的，就别来协和！,2023-06-24 23:03:20,,,,,,,
100000087,腾讯文档,2,,,广西师范大学,有些是有些不是,少数特殊教室有空调，基本没有，宿舍有空调,有独立卫浴,没有早自习，有晚自习,没有晨跑,150km，原则上不可以骑车，会被抓,差不多一个半月吧,可以点外卖，只能送到校门口，要自己去取,没有地铁，育才和王城校区在市区内，雁山到市区要一个小时左右,有公用洗衣机,还行，就是流量很少，可以自己充,不断电断网,不贵但很亏，食堂很不好吃，放假期间饭会馊,17：30-00：00,不可以,800w以下,不知道，没去过，可以在宿舍，图书馆十点关门,能，很多作业要用电脑,食堂刷校园卡或云闪付，不支持现金、微信和支付宝。打电话用自己的电话卡或者校园卡。,以前发，这一届没发,又贵又坑东西又少,菜鸟贵，其它不了解,雁山校区有共享单车，育才和王城没有,晚上十点半前返校,偶尔查，封，只要进校门就能回来,放假晚，宿舍参差不齐,2023-06-25 01:44:51,,,,,,,
100000088,腾讯文档,1,[DESENSITIZED],1.0,哈尔滨幼儿师范高等专科学校,只有一公寓是，但是一公寓不是每届都能住的。我这一届是学前教育专业在住。一公寓是六人寝，其他公寓八人寝。,没有这种东西。只有艺术楼有风扇。,没有这种东西。全校只有一个公共澡堂，分男女浴池。没有隔间。,有早八课的就有早自习，晚自习周一到周四。,没有。,没有。,暑假七月初开始，九月一开学；寒假大概十二月底一月初那样子，三月一开学。,可以，但要自己去校门口拿。学校很小所以也不远。,不便利，哈尔滨交通都不是特别便利。因为太大了。出门至少八百米才有公交站，地铁很远，要么打车去要么坐公交能到地铁站。不在市区里，打个比方，我要去哪个哪个城区里的地方玩，坐公交一小时左右能到。,一公寓的在一楼，其他公寓的不清楚大概也在一楼。是一个洗衣间，里面很多台洗衣机，一台烘干机和一台洗鞋机,没用过不太清楚，但听说有人的电脑连不上也有人平板连不上。,不断，至少2023年上半年这学期也没断,价格只能说还行，异物是没有听说过。量都挺大的反正。,澡堂早9晚八点半开门,不需要，因为校园太小了。,大功率电器一律不可以，会跳闸。卷发棒这种属于违禁品也会跳闸。,别想，要查晚寝的很严格。,没有限制，想带就带。,洗澡用卡，其他的手机支付,不会。,便利店那种。东西还算全，反正不便宜。,有快递柜，也有菜鸟驿站，都在学校里。学校外面还有极兔,没有这种东西，学校外面也没有。,截止2023年上学期，凭学生证可出入校门,查寝，很严格，有各种各种规矩，快赶上高中了就是说。9点以后不能进寝室楼了，晚归能回来但是一定会被批评，搞不好还领处分。,"能别来尽量别来。我说真的。
但是不能否认的是这所学校在同类院校里确实很权威，学前教育这一块做的确实很到位。
老师们大多是好人，而且很负责。至于分到什么样的导员全看运气。社团是有的，但是发展不起来，因为学校管的很严格。你可以把这里当做一所可以带手机的高中。对了，别的专业我不清楚，但学前专业课是真多，从早到晚。*升天",2023-06-25 02:14:25,,,,,,,
100000089,腾讯文档,2,,,武汉生物工程学院,部分是,现在都有了,基本上都是独立卫浴，澡堂好像已经改造成水厂了,大一有,看个人,女75男90，偷偷骑,比小学生假期长一些,允许，宿舍管理室旁边,门口有地铁公交，但是进市区起步两小时,每个楼下都有，但是有人洗袜子内裤，慎用,有时候卡,不断,有点，很难吃,六点半之后，早上七点半左右,能，要办通行证，保卫处,800w,不了解，反正宿舍楼没有自习室,能,校园卡，现在都手机支付,有中国银行工作人员负责办理,正常市场价,挺方便,没有,晚上十点半,查，晚归得和辅导员说明情况,学校像个旅游景点，乱七八糟的教育挺多，但是教育设施有点落后,2023-06-25 07:04:32,,,,,,,
100000090,腾讯文档,2,,,云南师范大学,四人间是，六人间看情况,没有，但是昆明的气候不是太需要空调的，实在热买个小电风扇也够用了～,有独立卫浴,文学院和经管院都没有,没有，但是有晨跑活动（非强制性，类似社团活动），可以拿积分,没有要求也没有打卡，可以骑车，骑啥车都行,大概都是50天左右，虽然暑假短一丢丢但是寒假很长算是弥补了,允许，远不远看你住哪一栋宿舍楼，基本都不远，学校门很多，疫情之前允许送到楼下,很便利，校内有公交，地铁站离学校也很近，进城要一个小时,有洗衣房还有烘干机，电吹风也有,电脑连还可以，手机连不上校园网，但是校园流量套餐很划算,没记错的话早上6:30-9:00，中午11:00-13:00，晚上5:00-12:00,我觉得不贵哎，清真食堂和饵块都很便宜，二楼贵一点,有固定几个时间段,能啊，有充电桩，每栋宿舍楼下还有车库,除了00:00以后都有电,印象里没有,能,校园卡，刷卡或者支付宝都行,会，中国银行,我觉得很好！很喜欢喝云南的牛奶,挺好的，但是寄快递别用学校的，邮政小程序最便宜,不记得哎，印象里没有,毕业啦，以前是自由出入,一个星期最多查一次,可能我适应能力比较强吧，我是江苏女生，在学校呆得挺开心的，四人间很舒服，东西也很好吃（尤其推荐云南的洋芋！！！），气候超级舒服，对我来说是个很好的地方～,2023-06-25 10:04:55,,,,,,,
100000091,腾讯文档,2,,,唐山师范学院,不是,有,有,有,没有,200,30,可以,没有,有,还行,11,贵，有,早6晚11,可以,全天通电,有,可以,饭卡,会,不怎么样,挺好,多,睡觉时间关闭,不查,环境挺好,2023-06-25 11:49:58,,,,,,,
100000092,腾讯文档,2,,,河海大学,江宁和常州新校区都是，鼓楼不是（水文，水电，土木交通，环境，港行，海洋这几个院大三大四得去鼓楼）,有,江宁和常州有 鼓楼好像没有,有晚自习 部分院有早自习（不过除了开学有后面就没听说了）,有！大一是6－8点跑 大二是8－22点,女生45次，男生50，可以,寒假一个半月，暑假8周，没有小学期,可以，具体多远得看宿舍位置,江宁校区离南京南和机场都挺近的，鼓楼在市中心。常州是刚开发的，会通公交，坐高铁到南京也还好,每栋楼有,时好时坏,上半学期11点断电，12月开始不断，下班学期不断电；网一直不断,贵!且不好吃,不限时,可以,江宁800w，但实际使用好像限电不明显，不敢尝试,要查寝的,能,手机支付,会,贵，坑钱,还行，正常收，没寄过,只有哈啰,宿舍11点晚归，但是可以进学校,查寝看宿管态度，晚归可以翻墙,这很难评，水平还是有的，但知名度也是真低，现在连江苏前五都有人质疑,2023-06-25 12:10:23,,,,,,,
100000093,腾讯文档,2,,,福州大学,床桌分离,有,有,大一有,无,自愿打卡,寒假一个月，暑假两个月，一学期18周左右,允许，校内外卖送到宿舍楼下教学楼都ok，校外外卖放在美团外卖柜离最远的宿舍大概400m,不便利，无地铁，在郊区，进城需要一小时,自己买洗衣机，一户一机,经常断,不断电不断网,贵，和市价一样，偶尔吃出异物,不限时,可以骑，宿舍楼下有地下停车场可以免费充电,不限电,有，可以去a栋教学楼通宵自习室,不能，但是技高人胆大。。大一有做项目的可以和辅导员申请带电脑,校园卡，手机微信支付支付宝支付都可以,会，建行卡,一般，物价和市价一样，基本生活用品都可以买到，两个便利店，吃的挺多,有菜鸟驿站和丰巢,没有共享单车,晚上11点后保安会抓进出校，10:30查寝，之后算迟归,查寝不封寝，应该可以回去,校园环境挺好的因为是新盖的，然后气候比较潮湿有的时候衣服会不干，临海风大,2023-06-25 12:39:31,,,,,,,
100000094,腾讯文档,2,,,汕头大学,是,有,有,都没有,没有,没有要求,暑假两个月，寒假一个月，小学期四个月,可以，送上楼,东海岸有公交，但是发车慢，打车去万象城要四十块；可以坐学校摆渡车去本部校区,每个寝室自己装，楼下有3还有烘衣机,插网线可以，打fps游戏不卡，不限制数量，但是不插网线很差,不断电不断网,还好，没有,一直有,东校区不能,不限电,图书馆,可以,一卡通，饭堂有外卖送宿舍门口,发,还不错东西挺多的,菜鸟驿站很大，营业时间长，很方便,东校区校内没有,想进就进想出就出,不查寝，不封寝，舍友端午节凌晨四点半回来的,师资，这很难评。。,2023-06-25 13:57:05,,,,,,,
100000095,腾讯文档,1,[DESENSITIZED],1.0,中南民族大学,大一很少，大二基本都是,都有,大一六人寝没有独立卫浴，但是每层楼走廊中间和尽头都有浴室和卫生间,无早自习，有些专业大一会有晚自习,没，有早签,这学期是20次，每次1.2km起步（女生），男生每次1.5km起步,寒假一个多月吧，暑假两个月，每个专业放假时间不一样。没有小学期,允许。有些商家可以送到宿舍楼下，有些只能送到校门。不过宿舍基本都离校门不远,交通便利，附近没有地铁站。到最近的地铁站去要坐十几分钟的公交,有，每层楼两三台，还有一台烘干机,感觉不太好用，网速很慢,每天23:30断电断校园网，断电后十一点半到十二点这段时间流量也比较卡，过了十二点就会好一些。第二天六点左右来电吧,不贵，我没吃出过异物,早上六点半到八点，中午十一点半到一点半，下午五点到晚上十一点半,可以，宿舍楼下有充电的地方。不过学校现在不让买电动车了，可以骑校内的共享电动车,功率500w,无,能,刷学生卡，或者刷微信（要绑定）,会，工行的，但是校内ATM 坏了……,还可以，东西很齐全，但是水果和一些日用品很贵，牛奶和泡面经常会有买一送一的活动,菜鸟驿站，很方便,比较多，有一种共享电瓶和哈罗单车,每个院不一样，我们院要求22:00前回校,不查，晚归可以回，23:00后只进不出,学校比较有钱，很舍得花钱来建设绿化和减速带。学校不算特别大，减速带倒是不少（经常有人把早餐挂在电瓶车前面然后过减速带的时候被震掉了），“中南搓衣板大学”不是吹的,2023-06-25 15:17:18,,,,,,,
100000096,腾讯文档,1,[DESENSITIZED],2.0,天津外国语大学,女宿逐渐换成四人上床下桌，男宿四年6人中床下桌,有，教室中央空调，宿舍空调需要租（租四年的钱够买一个），宿舍空调电费自己交，遥控器小程序有时不灵敏,没有，澡堂距离宿舍区最远楼栋大概5、6分钟，最近楼栋2、3分钟，过小花园和校内双向车道,大一某些专业会有早自习，🈚️晚自习，早自习院学生会抽查,无,无跑步打卡,2个月左右，小学期上课上到17周，18、19周考试,允许，离教学楼区很近，走到宿舍需要十几分钟,非语言专业都在郊区，没地铁，公共交通最晚一班20点，开车一个小时，公交近两个小时,有，每层一个,限制2个设备，速度可以,断电不断网，晚上22:59就断了,一般价位，某些窗口会,12:00-21:30,可以，但充电得自己想办法,非常非常非常低，超过50w以上都不能用，早上来电时每天跳闸,没有,可以,吃饭洗澡可以用手机和校园卡，浴室租锁需要抵押专门小纸片，图书馆用学生证或校园卡,不会,两家，一家便宜一家贵，便宜的东西比较全，但贵的可以买到类似三明治饭团等便利店速食,外包给菜鸟驿站了,不让骑,学校大门刷码就能进出不管几点，宿舍门禁22:40,不查会锁门，晚归只要能敲动门让阿姨开门就行,学校非常非常小，几乎20分钟转一圈；社团很多，社团活动丰富，尽量别进校学生会没必要；师资比较雄厚，学习氛围可以接受，比较看重英语学科，每学期英语至少3门；春夏秋虫子尤其多，一年四季大风刮脸；教学楼设施好像逐渐翻新中，但还是会遇到教室椅子坏了的情况；,2023-06-25 15:37:45,,,,,,,
100000097,腾讯文档,1,[DESENSITIZED],2.0,广西师范学院,是,宿舍有，教半数有,一个宿舍两个浴室,有,无,无需跑步,一个多月,允许,无,无。可宿舍筹钱自购,新的运营商很烂,不断网,一楼还行，二楼偏贵,全天,需申请,无,有,可,一卡通，即校园卡，可用微信支付宝支付,会，中国银行,还行,与其他一样,哈啰单车,23:00 左右,不查,无,2023-06-25 16:12:51,,,,,,,
100000098,腾讯文档,1,[DESENSITIZED],2.0,广西民族大学,有的是，有的不是,都有,有,大一大二有晚自习，早自习看专业,没有，但是有校园跑,女生是一次1500m，一学期要跑25次，可以骑自行车偷懒，快走其实也可以的,寒假40天左右，暑假50天左右，没有小学期,可以点，校园外卖小程序点餐可以送到宿舍,便利，有地铁，在市区，武鸣校区不清楚,宿舍都有,一般，抢课除外,不断,一般价格，没吃出过异物,下午五点二十到晚上十二点,不能骑电瓶车,不限电，自己交电费，800w以下的都能用,没有,不限制，想带就带,校园一卡通，也可以微信支付,开学后会办理，中国银行，可以提前自己办好,还行,挺好的，快递还能放几天再去领,没有共享单车，有一块钱一次的校园车,宿舍是十一点半,不查寝，晚归阿姨会开门,每个校区都有自己的特色，报考时看清专业在哪个校区,2023-06-25 17:44:00,,,,,,,
100000099,腾讯文档,1,[DESENSITIZED],2.0,宿迁学院,是,有，但有的教室过大，空调似有若无。,没有独立卫浴，每栋楼下都有澡堂，距离看住几楼。,有，大一大二，具体看班级。,没有，有早打卡。,只有早打卡，可以自行车，别的需要和保安极限拉扯。,短。,运行，校外去各种门；校内到宿舍门口。,便利，无地铁，就在城里。,楼下有，但可以自己买，毕业学校来收。,一般，能用。,大三大四就没有了。,不便宜，外面的也贵，得从大学周边出去才正常。有异物，种类精彩纷呈。,13：00～23：00（有其他情况会通知）,要和保安推拉，在食堂门口有充电桩。,大一大二有，大三大四无。,有查寝，不可，但能在宿舍自习。,不可，但可以推拉。,饭卡，vx可充；刷，企业微信有二维码。,会，银联。,有天咪和京咚，贵，但批发可以；咪里面有蜜雪，水果不行；咚里有水果也不行，但咚更大。,邮政可以校内，其他全部校外，不是人待的。,00000，北门门口有。,7：00～10：00,查（看运气），阿姨会关门，阿姨醒了就能归。,这个大学为了__科评估直接取消五百多人的动漫社，诽谤电竞社活动逃课，把能赚钱的电音社ban了；快™跑啊。😅,2023-06-25 17:42:25,,,,,,,
100000100,腾讯文档,2,,,宁波卫生职业技术学院,有些是有些不是,有一栋教学楼没有,有,没有,没有,女生140公里，男生150公里，可以，要控制配速之类的,正常,能，看住哪，一般都不远,便利，有,基本上每个寝室都有，看哪个楼,不清楚,不断,有点,早中晚，忘了,可以，学校很小,不限,没吧,能,校园卡,会,东西少，有两个,学校寄快递贵,没有,十点前回学校，扫脸进出,不,没了,2023-06-25 19:05:30,,,,,,,
100000101,腾讯文档,1,[DESENSITIZED],2.0,烟台工程职业技术学院,不是，宿舍八人间，两个桌子公用，阳台不大一个人侧着站左右,老校区12345公寓没有空调风扇，夏天晚上11:30断电,5号公寓楼内有公用洗澡间，小隔间，一楼没有浴室其余楼层有,没有早自习，有晚自习,大一有早操，大二没有跑过,没有跑步打卡,正常情况，要看专业,允许，但是不能进学校，只能在校门口拿，学校内有自己的外卖员松食堂外卖到楼下外卖柜时间:2023.6.25,整个开发区没有共享单车，出行基本靠公交,只有一楼有，2023年换了滚筒洗衣机,全靠开学办的流量卡,永远都会断电的，昨天白天气温40度，晚上照样断电，平时基本是10:30夏天会晚一点，但是会在12点前断电,不贵，异物没有吃出过，表白墙有时候会有吃出来的,只要不是太晚都可以洗,不清楚，学校太小，遛弯半个小时就能绕完，操场在外面不在学校里,会限电，不清楚多少，之前我舍友冬天充了个电暖手宝就跳闸了,必须回宿舍,可以，但是基本用不到，除了各别专业,微信，支付宝扫码,不会，开学前自己办，但是也基本用不到,正常消费,正常，要是拼多多退回可以在南门外面办，建议不要在学校退货，运费险有差价,没有，开发区没有共享单车,晚上九点关门,查寝很严会查人数点名，晚归回不来门口锁了,要是你已经被录取了，情况就这样，自己带个风扇吧，对了开学发的那个大包袱不要扔，大一不让挂蚊帐，床帘，床边不能挂衣服，高中卫生管理怎么样这里就怎么样，社团学生会加也没必要，大一结束有竞选，只有竞选完有职位的才能留下，其他的都会走,2023-06-25 19:23:59,,,,,,,
100000102,腾讯文档,1,[DESENSITIZED],2.0,安徽大学,罄苑是 蜀山不是 龙河新宿舍是 但新生应该还是老宿舍,有,新宿舍有 澡堂走过去最慢十分钟,看专业 哲学没有,没有,目前42次 本学期男生一次两公里 女生一次1.5公里 可以偷偷骑,一个半月吧 出意外的话可能是一个月 没有小学期,允许 还挺近的,龙河交通便利 在市区 隔壁就是大商场地铁站,有 但是不够用,烂，建议不要用校园网，可以买流量卡,不断电断网,价格适中 基本没有异物,早上十点到晚上十点半,可以 有充电桩,200w,可以申请教室,能,刷校园卡 饭堂超市打水洗澡都要,会,东西还算齐全，比外面稍微便宜一点,龙河要出学校拿,没有，龙河禁止共享单车,龙河，北门十一点，南门十一点半,不查寝，宿舍楼十二点半关门，晚归回不去了,快逃，别来安徽大学！暑假七月二十才放特别恐怖。要来的话建议去罄苑。文史哲，互联网还有石溪学院都在龙河，还有一个院23届开始搬过来，不知道是哪一个。奇怪的网课很多，这个不太好，但是挺自由的。,2023-06-25 20:30:08,,,,,,,
100000103,腾讯文档,2,,,鄂州职业大学,不是,没有[皱眉],没有，很远,有,没有,没有,1 个月，2 个月,允许,便利,有,不怎么样,断电,一般般，有点贵,不限,可以,禁用大功率电器,一言难尽,可以,发卡,会的,蛮贵,有快递接收点,还行,晚上 10 点,查寝,一言难尽,2023-06-25 20:36:12,,,,,,,
100000104,腾讯文档,1,[DESENSITIZED],1.0,金华职业技术学院,有，很少，大部分六人寝，六人寝怎么说呢，对于我来说很挤，而且床那边会掉墙皮,有,有，但是厕所不咋滴,医学院大一有,大二有阳光长跑,不可以骑车,正常放假吧，寒假一个月暑假两个月,大部分在校外拿，部分有合作的校内寝室楼楼下可以拿,还行，地铁有点距离，在市区应该,有，公用的,还行,十二点之后校园网会断,还行，还没吃出过异物,晚上四点半开始到十点半，其实十点半之后还有,现在不行电瓶车,1000w,寝室那边,能,一卡通，可以app或者支付宝或者一卡通,会，自己有中国银行的也行，我就用的高中的,贵，西门就有超市,校内顺丰和邮政，西门有快递站,哈啰,寝室10点关门，东门24h,有时候查寝，晚归需要请假,对宿舍有要求的别来，比我高中还差,2023-06-25 21:28:15,,,,,,,
100000105,腾讯文档,1,[DESENSITIZED],2.0,贺州学院,不是 分东西区 东区上下铺八人间 几乎文科专业都要在东区上大一！,宿舍有 我在东区教室基本没有只有风扇,两个独卫,早自习7.30 晚自习7点到8点40,有！！！每周一次 早上6.30！！！,每个学院不一样,关注校历,东区可以 西区不清楚,贺州不大共享单车很便利 无地铁 东区在市中心附近 因为城市不大西区离市中心也没多远,有,一般,不断,会吃出苍蝇,下午5点到11点左右吧,不可以 禁电瓶车只能蹬自行车。,不清楚,不清楚,能,用校园卡 饭堂可以刷卡可以用云闪付,会 农行,还行,还行,只有自行车！自行车！,11.00门禁还是11.30但是我在东区没查过寝,目前没查过,学校不是很大（比起个人去过的一些一本院校来说）不要有太大希望 但是学校最近开了瑞幸古茗……,2023-06-25 23:22:08,,,,,,,
100000106,腾讯文档,2,,,湖南第一师范学院,目前男女寝都是，不过下学期有个新宿舍（男），听说也是上床下桌,宿舍有，教室只有5.6楼的教室，其他楼层的200人（4个班）的大教室有,有,大一有早晚自习，部分学院大二也有,无，但是周一会有一个学院升旗仪式，6:30！！,80或100，规则上不行但是没人管你,挺长的，基本都是16周。,可以点，你可以让外卖员挂在你宿舍旁边的围栏上,有地铁直达，新校区离长沙市中心比较远,有，每个宿舍都有，用一次4块钱,不太好，20块钱只能一个设备，30以上的可以两个设备,不断,一般般吧，表白墙总是有吃到的，我不怎么注意,早上6:30-9点，中午11:30-2点，下午5-7，晚上9-11:30。大概是这样,可以，辅导员说下学期会设立专门充电的地方,800或者1000W，超过就自动断电,有门禁的，有的辅导员每晚寝室点到,能,校园卡，刷校园卡就行，vx也行,会,还可以,还可以,无,人脸识别和校园卡都可以,有的辅导员查，有的辅导员不管，要看辅导员的，晚归会记处分,不要靠近，快逃,2023-06-25 23:44:45,,,,,,,
100000107,腾讯文档,2,,,山东工艺美术学院,长清校区女生是，男生好像是上下床，大二三会搬到上床下桌宿舍,宿舍有，教室没有，专业课老热也没有空调,四五分钟吧，没有独卫,没有早自习，大一有晚自习，但是随便玩人到了就行,大一有，隔天跑,骑车可能判违规,不到放假前几天它不告诉你具体安排，甚至连考试都没有安排表，小学期没有,女生宿舍100米多，西门门口,海星，周围全是大学,有，但是洗什么的都有，感觉不干净，不用,一般几kb每秒，最快几百kb，没充校园卡,冬天断夏天不断,一般，质量忽高忽低，五六块二十块都有，本人没吃出来过,到晚上9点多,可，宿舍楼下，但是充电桩少,不能用吹风机,宿舍楼里,能,校园卡，但是没人拿卡，可以用公众号扫码付钱，地下超市可以用微信支付宝,发,对于低消费欲望人群来说东西挺全的吧,一般拿快递不用排队,没有,10点半后算晚归,不查，能回,我觉得都挺好，除了到处收钱，学分费160一分大一学分费加起来1万，空调要租，租4年2千；学的服设，专业课老师教的不错，动画大一基本学不到真动画相关的东西；别一时上头报学生会，先确定你是要拿奖学金吗；动漫社和插画社是真二刺猿。总而言之环境低于预期，人素质高于预期（不包括小部分猴）。大学最重要的是为毕业做打算，你也不想干你不喜欢的工作吧,2023-06-26 00:44:38,,,,,,,
100000108,腾讯文档,1,[DESENSITIZED],2.0,石家庄人民医学高等专科学校,否，大部分不是，只有很少一部分是,教室没有，宿舍有但是不一定给你开（数据来源2023年实习生离校前）,女生宿舍有独立卫生间，男生大部分没有，澡堂离女生宿舍近,晚自习有，根据辅导员要求,无（至少2023年毕业生没有）,无要求,寒暑假较长（但是是在疫情期间）,可以，男生宿舍楼下,学校门口在建地铁（但是没那么快）算是市区吧,有共享洗衣机，2.5元一次,不清楚，好像限制两台设备,目前（2023年6月）不断电,还行，偶尔有钢丝,九点到晚上九点,不行,可以用制冰机,无,可以,饭堂扫码支付，洗澡用水卡,不会,一般，该有的都有，比较建议网购,有妈妈驿站，还行,无共享单车,周六日需要请假（2023年5月）,疫情前查，现在不清楚,社团没什么用，学风看个人，学校旁边就是一个配套商场，还行,2023-06-26 07:42:09,,,,,,,
100000109,腾讯文档,1,[DESENSITIZED],2.0,上海海事大学,是的,教室有空调和电扇，宿舍有电扇，空调需要花钱购买安装,部分宿舍正在装修改成三人间独立卫浴，未装修的宿舍是四人间每层楼两个浴室，一个浴室三间，没有独立卫浴，公共澡堂在食堂旁边不算远,商船专业有,有晨跑打卡，但是不用跑，去指定地点打卡就行,一学期要求25次，没有公里要求，只需要打卡，不用跑，可以骑车去指定地点打卡,寒假一个月到一个半月，暑假两个月到三个月不等，小学期四周，只有前两周有课,可以点外卖，外卖送到五号门或者六号门，不算太远，部分外卖可以点到宿舍楼下,门口就是公交站，公交车可以直接到地铁站，交通不算便利，不在市区，进城要一个半小时最少,每栋楼都有公用洗衣机,宿舍是自己购买宽带，教学楼图书馆食堂校园wifi覆盖，不限制设备数量,商船学院周日到周四十点断电，周末十一点，非商船的周日到周四十一点，周末十二点，节假日期末复习周不断电,价格还行，吃出异物的情况会有,下午三点到晚上十点,可以，食堂教学楼旁边都有充电桩,1500w以下,有通宵自习教室，一般期末周开放,可以，商船的不行,校园卡，刷校园卡或者校园卡绑定交通卡刷NFC，也可以绑定中国银行和随申码刷二维码,会的,东西很多，价格正常,有快递站和快递柜，可以收寄快递,数量挺多的，只有哈罗单车,理论上十二点后进学校算晚归，但是只要不频繁一般不会管，宿舍楼无门禁,不查寝，不封，能回去,如果同分数有更好的选择就选更好的，毕竟这只是个双非，能去211就去211吧,2023-06-26 09:52:58,,,,,,,
100000110,腾讯文档,2,,,湖北民族学院,大部分不是,宿舍有教室大部分没有,不是独立浴室,无,无,可以骑单车,考完试就走,可以 大门取外卖,就在市区,有,一般,不怎么断,贵,全天,不可以,800w,图书馆,可以,用学校发的银行卡,会,很贵,有快递点,没有,刷脸进出,不查,加油 民大,2023-06-26 11:30:47,,,,,,,
100000111,腾讯文档,2,,,西安外国语大学,不是，两个上下铺，两个上床下桌，但桌子三个人用,宿舍有，小教室没有，但夏天不会很热，有风扇。最棒的是去年餐厅也有空调了，吃饭很舒服,有独卫，洗澡要去浴室，很近，条件也不错,大一有，但很多学院查的不严，后来都没有了（经金院查的严）,没有啊哈哈哈,根本不用跑，是少见的不用跑步打卡的学校,寒假挺长，40多天吧，暑假跟寒假差不多,点校外的外卖要去校门口取，校内商业街的外卖在宿舍楼下取就行，餐厅的外卖可以送到寝室门口,不太便利，40分钟公交才能到地铁，大学城这边很偏,一楼有，数量多少看楼,个人觉得还行，外网游戏会卡，价格中规中矩，最多两个设备同时用,不断网，周内11点半断电，节假日凌晨一点断，还是挺人性的,有的偏贵，异物没听说过,早9到晚10点半,能，但学校不大，不是很必要,300吧,还是宿舍吧,当然，我们大一一直网课，必带,校园卡能打卡，吃饭，喝水，饭堂微信支付宝都行,没发，要自己办,三四个吧，东西齐全,挺方便的，不同快递取得地方不太一样,没有,以前是11点半之前，疫情结束后不知道了,不查，11点半封寝，晚归可以提前跟宿管说，会给你留门,总体上作为一个普通一本还是及格的，如果成绩差不多可以考虑，但如果有更好的选择还是别来，毕竟双非，也没太多好就业的专业,2023-06-26 11:27:10,,,,,,,
100000112,腾讯文档,1,[DESENSITIZED],2.0,澳门科技大学,是的,有 而且空调效果奇好,有,没有,没有,没有,寒假比内地短 暑假有四个月,允许 步行2分钟,便利,1楼有洗衣房,还可以 只能等2个,不断,贵 不会,全天,可以吧。。没见过别人骑,无,有,能,微信,会,还可以 贵,有代收点 很方便 但是一个快递要5r,无,好,不会查寝 能,无,2023-06-26 15:19:51,,,,,,,
100000113,腾讯文档,2,,,南昌大学,是,有,医学院独立卫浴，前湖没有，没有的宿舍同一层就有洗澡隔间,没有,没有,76.8km，规定上说不可以骑车,寒假一个月暑假两个月，小学期规定一个月，看不同学院安排,校内可以送楼下，校外进不来去校门取,门口有公交站,有,限制两个设备，网速还可以,周五周六晚上十二点断电断网，周一到周四23点断,八到十五元不等，也有二十多的，异物看运气,6：30-8点、12：00-14：00、17：00-24：00,可以，但是要另外办校园牌商业街宿舍楼附近都有充电,不限,楼道楼梯间、考研自习室只对考研开放,能,校园卡、支付宝微信都可以,会,至少三个超市、乐尔乐比较便宜,市面快递都有快递站，不远,上课期间早点去能扫到车，仅一种,看学院,随机查 晚归可回,没有,2023-06-26 17:44:03,,,,,,,
100000114,腾讯文档,1,[DESENSITIZED],2.0,香港理工大学,否，床边是桌,均有，均可以自由控制,有，但是是相邻两间宿舍4个人共用,无,无,无要求,寒假1个月，在春节前（不包括春节）但是春节有额外的7天假期，小学期两个月是6月和7月，暑假没有sem3的话，就是从4月底一直到8月底,可以点外卖，可以直接送到宿舍楼下,十分便利，周围有两个地铁站，在香港的闹市区，距离尖沙咀海滨步行10分钟,有，但是公用，一层楼有一个，红磡宿舍有公共洗衣房,很好，无设备数量限制，但是需要学生账号和密码登录,不断网,贵，味道一般，没有吃出异物,全天24小时供应,不可以骑电瓶车，宿舍连自行车都不可以放,不限电，但是空调电力按市价收费,有，图书馆有24小时学习区,可以，而且学校图书馆提供电脑租用,学校出入校园使用student ID，饭堂消费可以刷八达通，支付现金，微信或者AlipayHK,不会,校园里有711，价格跟市场价一样，偏贵。宿舍有自动售货机，宿舍楼下是街市，买东西很方便,一般我们会放到快递的自提点，在宿舍附近三四百米的地方都有,无,使用student ID刷卡进出，学生可以为访客申请入校的二维码，很方便,不查寝，宿舍24小时自由出入,无,2023-06-27 00:30:28,,,,,,,
100000115,腾讯文档,2,,,广东金融学院,部分,有,有,其他不知道，但是本专业（金融学）无,无,无,没有小学期，寒暑假跟别的学校差不多，2023.1.1-3 2023.6.29-9.1,有和宿管合作的平台，可以送到宿舍楼下。如果美团点的话大多数只能送到围栏，具体看宿舍楼位置。,专门公交直达地铁，10分钟左右。广州校区位居宇宙中心天河区，去哪都很方便,自己宿舍买,还行，限制一台手机一台电脑,不断,食堂很实惠，很好吃（特别是烧腊）,17:30-0:00,可以，学校里很多骑电瓶车的,不限电（？）,不太清楚,完全OK,可以微信支付,好像有合作的,有点贵…,快递站在学校门口,无,无门禁，随意进出,我们这栋宿舍楼不查寝不封寝，晚归记得掩门就行,清远校区很漂亮（没去过），本部（广州校区）比较久，有点小，但是新图书馆开了，很新很大很漂亮，饭堂很好吃（烧腊酸菜鱼炸鸡螺蛳粉潮汕汤粉啥都有），去地铁站要坐十分钟公交，但是在天河区去哪里都很方便。离龙洞步行街很近，有很多吃的，没课可以去吃。没什么门禁，除了进出要刷二维码之外基本自由的。除了国教院之外好像宿舍都是四改六的。学校里面有瑞幸和茶百道，基本满足生活需求吧,2023-06-27 01:39:54,,,,,,,
100000116,腾讯文档,2,,,河南轻工职业学院,嵩山校区：不是,嵩山校区：宿舍有，一些教室有,嵩山校区：无，澡堂在操场且男女混用，学校附近都没什么澡堂,嵩山：有,嵩山：无,嵩山：无,嵩山校区：正常放假，无,嵩山校区：允许，在学校门口取，从宿舍楼走六七分钟就到,嵩山校区：在高速口，打车坐公交方便，但是没有共享单车之类的，不在市区，打车到市区要大概要二三十分钟（？）,嵩山校区：无,嵩山校区：没办校园网不清楚,嵩山校区：不断电,嵩山校区：还好，目前没有吃出异物,嵩山校区：男女混用，星期一三五二四六这种，具体时间不清楚（因为学校澡堂太闷了洗一次差点撅过去就没在学校洗过）,嵩山校区：可以，宿舍楼下有充电桩,嵩山校区：800w（吧）,嵩山校区：无,嵩山校区：能,嵩山校区：现在是微信或者支付宝扫码支付,嵩山校区：不会，会让你自己再办,嵩山校区：略贵，用品基本齐全,嵩山校区：菜鸟驿站,嵩山校区：无,嵩山校区：不太清楚但是比较自由,嵩山校区：查，晚归阿姨不乐意给你开门所以进不去,宿舍小破没有桌，宿舍楼梯没灯，校园里灯也不怎么亮，宿舍楼下几个热水器老是坏，寝室里就两插座。环境不好，团学会风气不怎么样，老师还行,2023-06-27 04:04:13,,,,,,,
100000117,腾讯文档,1,[DESENSITIZED],2.0,淮阴工学院,北京路校区南苑是，香樟十的环境是南苑最高配置,北京路校区阶梯教室没空调，左右有小风扇，其他教室有大吊扇，无空调。宿舍有空调 而且基本不限电,北京路校区香樟九和十是有独立卫浴，其他则根据所在宿舍楼位置与浴室楼距离而定；南苑一到六七分钟不等，北苑三到五分钟不等,北京路校区大一大二有晚自习，无早自习（但要早打卡，一周三次，个别学院未达标需要通报），大三以后没有早打卡晚自习。,大一大二有，六点半到七点半左右,三公里，只要有路线，骑车或者去食堂买饭摇一下，摇满不超时就OK,寒假基本是有一个半月，暑假一般两个月。小学期一般是十八到二十周，根据专业和班级不同会有所不同,疫情开放后允许点外卖，北京路南苑外卖点一般在大学生活动中心后停车场栏杆处，就在食堂后面，离最远的宿舍楼有四百米左右；也可以送到校门口，较远一点，但有活动或者下课可以顺路拿。校园食堂的店也提供校园送，可以送到每个宿舍楼下货架，个别店家提供送饭上楼,没地铁，交通还行，有公交能打到车有单车，在市区，出行方便，还有有轨小电车可以坐（但能到达的地区有限）,每栋楼一楼都有一个洗衣房，里面有洗衣机烘干机和洗鞋机,有移动联通电信三种，网络质量还行，就是有时需要认证比较麻烦，连接设备超过三个就会有点卡。移动套餐是六十几优惠三年，三年之后变为原价一百多（每届会有些变动），离开宿舍后校园内WIFI覆盖少,不会断电，新生入学可能会断网，突然添加那么多太设备有网络崩溃可能性，我入学时就有这个状况，但是后面就好了，也有维修群可以沟通反应，校园内有移动联通电信的店可以直接上门询问,食堂价格略贵，口味不一，但是样式蛮多的，暂未吃出异味，小区附近，也可以出校门去北京新村丰登路周围吃,一般是十二半以后到十点左右,北京路最近有学生骑电瓶车撞到老师了，暂时不可以自由骑电瓶车，除非走读生、老师、店家，在里面能骑，骑出去了就不太好骑回来（不如不骑，学校也没有很大，外面也有共享单车骑）也没有充电桩，得自己解决。枚乘路，南北院开放有大量单车可以骑 电瓶车自由骑行，不知道有没有充电桩,不限电，吹风机，小锅，卷发棒，烧水壶，熨烫机，小冰箱，电风扇，都可以使用。但是尽量不要整个宿舍四人同时使用大功率，会有跳闸风险（我们宿舍有次三个人一起用锅，一个在吹头发就突然跳闸了，单调一个宿舍的，自己推上去就好了，跳了整栋楼的就要被阿姨说了）,晚上自习的话倒是有图书馆空教室可以去，通宵我暂时不知道，宿舍睡觉不香吗,大几都能带,学校里面会办一卡通，但是基本上只有充电费，早打卡需要使用（北京路充电柜一般在香五香六食堂对面那几个宿舍里面，就阿姨值班室旁边就有），而且手机钱包能绑卡的早打卡也可以不带一卡通，食堂晚午饭平均十块，早饭平均五块,会发建行卡，一般学费会从这个卡里自动扣，助学金奖学金也会发到这张卡里。北京路校区校门旁就有自动建设银行方便存取,北京路有三家超市，一家正规一点的大超市，另外两家“家族企业”小超市会便宜一点点，有两家还有水果卖，也有专门的水果店，校外也有不少超市还有购物商场,学校的菜鸟驿站寄件会比外面贵个一两块，收快递是按照取件码按货架找取，也会发布隐私号取件，需要在菜鸟裹裹用快递单号查找取件码，去快递机扫身份码取件，旁边有拆快递处，提供剪刀刀片桌子（较简陋）,北京路校区校内共享打车只有哈喽自行车，十辆以内，校门口一般一小遛单车（微信扫码电动车）为主，美团为辅助了；枚乘路校区哈喽单车数辆，蛮多的，小遛电动车百来辆,晚上十一点以后算晚归，十二点后算夜不归宿（为北京路校区）,查寝，不是每天查，阿姨每天会查一个楼层的，一周一般查两次，晚归能回去，不封寝，不想被记或者已经过了零点的可以直接翻栏杆回来，栏杆都不高的,北京路校区小设备中等，但是在市区，女生比例高；枚乘路校区为主校区，新校区设备齐全，环境好，男生比例很高，食堂超多而且有很多好吃的；这两个校区校内都有奶茶店炸鸡店名族特色餐厅咖啡店，超市。萧湖校区较为老旧但环境很好，园林设计等艺术专业在这个校区，男女比例均衡，艺术氛围不错，也总会举办音乐节之类的活动，其他不太清楚三个校区基本都会有互动活动，有社团组织团建，有志愿队合作，有院篮球比赛 ，学生会互动，音乐节，运动会…,2023-06-27 02:26:23,,,,,,,
100000118,腾讯文档,2,,,菏泽学院,部分是,宿舍有,有的有，没有的离得很近,大一有,大一有,不知道,俩月左右,可以点外卖，离宿舍不太近,方便,有,一般般,11点限电,一般,浴室洗澡,可以,11点,有,能,一般,会,还可以,还行,不错,10点关宿舍门，不查人,不查寝，封寝,没有,2023-06-27 11:04:32,,,,,,,
100000119,腾讯文档,1,[DESENSITIZED],1.0,池州学院,六人寝不是，但大部分都是六人寝,宿舍有，教室除了新教和大教室，其他都没,笑死，四人寝可能有独卫，但六人寝只有八十人抢四个的澡堂,外国语学院大一有早晚自习,外国语学院周一有晨跑，六点五十就要集合,没有乐跑（池院最人性化的安排）,寒假一个月，暑假两个月，没有小学期,允许，而且直接送楼下来,学校在山里,有的，每层楼都有,不到，没用过，但校园卡很好,不断电不断网,偏贵，但可以接受，异物看运气,10:00-23:40,可以的，而且校内就有充电桩,300w，据说是有个寝室烧了才改成300w的，很鸡肋,没有，会查,当然，但没啥用的上的地方,校园卡可以用于水卡和饭卡，但食堂一般推荐使用支付宝,会的，建行,挺齐全的,挺好的,没有共享单车，别想,晚上十一点关寝室,查寝有时会查，晚上一般不查，晚归喊阿姨会开门的,别来！！！！谁来我笑他三年,2023-06-27 17:02:42,,,,,,,
100000120,腾讯文档,2,,,南京师范大学中北学院,是,有,有 但很小而且蹲坑和沐浴不分离,没有早自习 大一有晚自习,有 用软件 可找代跑,不能骑车 有配速要求,放假很早很nice,可以 不是非常远,无地铁 但有公交而且比较便利,有,关上手机一会就断网,不断,食堂窗口很少 价格一般,全天,好像不能,无,没有,能 有的学院晚自习也能带电脑,用手机支付,会,一般 价格会贵一点,挺好的,无,宿舍楼10:30pm禁,封寝 很少查寝,校园很小,2023-06-28 00:08:48,,,,,,,
100000121,腾讯文档,2,,,福建师范大学,数统，大一不是，大二会搬上床下桌四人间,有,有,数统，大一有晚自习,无,这学期是51次1.6公里（女），可以骑，办法总比困难多,寒假大于一个月，暑假小于两个月，,可以点，有的可以送宿舍楼下有的在校门口,地铁出校门300m 有大学城不就够了,每间宿舍都有付费洗衣机，可以自己买一个安装,还行，限制两个设备,不断,价格亲民，有过异物事件,好像没断？没有大半夜洗过,宿舍楼底,一次两三个大功率电器,不知道,可以,校园卡，微信支付宝校园卡都可以,建行一张,水果贵,离得近的宿舍楼收发快递很方便,只有青桔，高峰期不够骑,工作日10：20 休息日10：50,查 封 可以,都还行,2023-06-28 00:18:04,,,,,,,
100000122,腾讯文档,1,[DESENSITIZED],2.0,广西民族大学,武鸣校区是，西区除了b10不是其他都是，东区部分是,有，都有,有独卫,大一大二有晚自习，早自习看学院安排,无,每学期次数不一样，每次要求是1.5公里，可以骑车但是交通工具自备,一般寒假30天暑假50天，没有小学期,允许，每个宿舍距离不一样，b10和五栋离小门近一点，其他宿舍都挺远的,校门口附近有地铁，在市区,每个宿舍都有一台,时好时坏,不断电不断网,价格还行，味道一般般，食堂大部分饭菜都是偏甜口，喜欢辣口的可能要失望,早上六点到八点，晚上五点半到十一点半,西区不能骑电瓶车东区可以,800W,没有，只能在宿舍,能，没人管,学校里面用校园卡一卡通，饭堂可以微信支付或者一卡通，支付宝用不了,会，到时候会要求统一办中国银行银行卡,东西比较齐全但是贵,快递站挺大的但是远,没有共享单车,宿舍楼门禁是晚上十一点半，校门口好像没有门禁,不查寝，晚上十一点半封寝，晚归要提前和舍管阿姨说,广西民大挺好的，环境好宿舍条件也可以大部分专业都很好但是某些学院的师资真的不太行，，欢迎来广西民大,2023-06-28 01:35:29,,,,,,,
100000123,腾讯文档,2,,,天津石油职业技术学院滨海校区,（滨海校区）no,（滨海校区）宿舍都有空调     小教室没有,没有        横穿操场的距离,（滨海校区） 大一都没有   大二开始可能有晚课（分专业）,没有,没有跑步打卡,6.16放的暑假（挺早哈哈哈）,允许     不远（学校本来就不大）,坐公交到市区两个小时,有付费洗衣房,刷抖音视频还行，打视频电话会卡,不断,还行  看吃啥   普遍一顿十几         异物还没吃出过,热水晚上十点就没啦,好像学生只可以骑自行车,吹风机夹板这类压根用不了,no，十点查寝，锁寝室大门,能,微信支付宝,嗯呐,还行，生活需要的东西都有,有驿站，报取件码拿就行,没有，啥也没有,（滨海校区） 十点关寝室大门,查     封       找宿管说,没有社团！！,2023-06-28 01:36:17,,,,,,,
100000124,腾讯文档,1,[DESENSITIZED],2.0,云南司法警官职业学院,no,无,大一没有 要走上两分钟才能到澡堂,大一上学期早晚都有 下学期开始看各系,无,取决于你早操想不想跑😏（可以拉人车）,运气好寒假能放三四个月,想都别想,山穷水尽疑无路（没有下一句了😇）打车八十起 高速费自掏腰包,有这么一两个,看旁边机场飞机起飞数,十点半 周末晚半个小时,一般,笑死 根本洗不起,警告处分起步,热水壶都能断电,（参考二十条😇）,原则上不行（首先得有原则对吧😁）,收费倒是与时俱进,大一办的卡 冻结了三年（一个非常好的请假理由😇）,（精神食粮最近断了😇）,甚至可以寄快递😁,校门外全是不知道初始地的哈喽,扫脸 （未请假出去十五分钟没回来参考二十条）,参考二十条,同上 快跑,2023-06-28 06:04:23,,,,,,,
100000125,腾讯文档,1,[DESENSITIZED],2.0,北海艺术设计学院,不是,都有,有,有,没有,不可以,两个多月,可以,还好,没有,一般般,不断,价格还好 不好吃,全天,不可以,不限电,有,可以，没有哪个学校不准带电脑吧？,校园卡,会,一般般吧,可以接受,无,晚上12点回寝,会,大家还是去好一点的城市吧,2023-06-28 10:08:33,,,,,,,
100000126,腾讯文档,1,[DESENSITIZED],2.0,北海艺术设计学院,部分是,有,有,大一有晚,无,16次1.5km 可骑车,寒假短暑假很长,允许 可上楼,无地铁 交通便利考电动车,宿舍有,自己可办可不办 卡,不断电 断网不知道,不贵 有异物,中文 晚上反正够了,胆子大可以 充电不知道,不知道,空教室？,能,水卡 校园卡 饭堂可卡可手机,不,一般,不知道,不好骑,11点？,查 不能,正常水平,2023-06-28 10:09:34,,,,,,,
100000127,腾讯文档,2,,,西南大学,一部分园区是（比如梅园橘园竹园等），部分较老的宿舍不是,都有,有独立卫浴,大一有,大一有,跑28次女1.6千米，男2千米。可以骑车，但必须在运动场,寒假一个月，暑假两月。,允许，就放在宿舍楼下,交通便利，校门口就是地铁口，但学校不在市区，出去玩得坐一俩小时地铁,有,还不错,不断电不断网,餐厅很多价格不一，有便宜有贵，没异物,早上6：30～8：30，中午11：00～13：30，晚上17：00～24：00,部分园区可以,不限电,有部分自习室,能,校园卡,发农行卡,还可以,多数快递在菜鸟驿站,学校不让进共享单车，有校车,校门没有门禁，寝室楼晚上十一点半关门，如有特殊情况，可让宿管阿姨延迟关门,不查寝，晚归可跟宿管阿姨报备,校园很大很美；社团很丰富，每年新生来不久会有百团大战，很热闹；图书馆很大，学习氛围很好,2023-06-28 10:05:51,,,,,,,
100000128,腾讯文档,1,[DESENSITIZED],2.0,广东第二师范学院,是,有,有,没有,没有,没有要求,暑假50天左右 寒假40天左右,海珠校区 允许,海珠校区很便利 但是花都校区很偏,没有 要自己和舍友aa购买,不怎么样 限制3个,没有断电 工作日是凌晨一点断网,不贵 朋友圈有人吃到过异物,下午5点到12点左右,海珠校区不需要 没有充电的地方,有限电 但是不要太过分就行,有 海珠校区位置非常便利,有不能带电脑的学校吗,校卡 不过一般用微信支付宝就行 饭堂还算便宜的,不会,不怎么样 这个比较差,有专门的窗口收发快递 主流品牌都有,没有 不要想了,相当于没有门禁,不怎么查,分数虚高 性价比低 除非很看重广州的位置 不然对比其他二本没有吗优势,2023-06-28 11:03:06,,,,,,,
100000129,腾讯文档,1,[DESENSITIZED],1.0,泉州师范学院,不是,有,有独卫,无,除了航海专业，其他无,无,两个月左右,允许，高峰期可送到宿舍门口，其他时间多送到宿舍楼下，较远的校外店家配送到校门口或侧门,便利，学校内就有公交站始发点，有校内公交-小白,每个寝室都有配备，但要收费，也可以自己买装,10MB/s中规中矩，仅限一人使用,不断,廉贵都有，吃饱没压力吃好没问题，异物少见,全天候,可以，别名电动车大学不是吹的，有充电桩,不限，但🚫大功率,实验室,能,不用卡，移动支付即可,21级起就没发了,种类多，柴米油盐酱醋茶甚至针线包，但贵,两个快递站收发方便,统一泉州Ubike小黄车，很多投放点,夜里11：30,周末查，不封，可翻窗进,学风就那样，闲时闲死，忙时忙死，社团很多，但目的基本都是为了求偶，师资看专业，部分专业有额外聘请知名博士，校园环境主要是爬坡，学校蛮小,2023-06-28 11:22:12,,,,,,,
100000130,腾讯文档,2,,,黄淮学院,医学院是的,医学院教室没有，寝室有,医学院没有，澡堂不远，但是洗的人多了水特别小，不能调节水温，按次数收费,大一有晚自习,有乐跑，每学期规定跑够多少次,可以骑车，一百二十多公里吧,跟别的学校差不多,医学院允许，要到门口拿,医学院交通不便利，公交进市区要半个小时吧,有医学院有的，每层两个,医学院只能同时使用一台设备，限制网速，日常够用，下载速度比较慢,医学院不断,医学院目前食堂不太好，大部分都是一些科技，想来的赶紧跑,医学院看澡堂的心情，他不开就没得洗,可以，有专门的充电桩,医学院不限电，空调电费要自己出,医学院应该没有，图书馆目前像个烂尾楼,可以,手机支付,会的,医学院的超市物价贵的起飞，专门宰大学生,医学院有菜鸟驿站,医学院没有,医学院有门禁，扫脸进出,医学院不怎么查，特别敷衍，,能别来就别来医学院，谁来我笑谁,2023-06-28 12:11:40,,,,,,,
100000131,腾讯文档,2,,,武汉工程大学,法学专业女生大概率六人间上下铺,有,大部分有，教辅八好像不是,分学院，法学没有,没有,就我本学期而言是1.6公里，24次，可以骑车,寒假一个多月，暑假两个多月,允许，挺近的,从流芳校区到地铁站大概两公里，学校里面有有轨电车站，进城半个多小时,坐标教辅二，无，自己买的,还行，会出现连不上、网卡现象,不断,贵，品类少，不咋好吃,晚上六点到十二点,可以,教辅二700W,没有吧,可以，有的专业用得到,有校园卡，食堂一般微信支付宝,工行卡，自行激活,贵，很坑，建议网购或去学校外面,宿舍附近有菜鸟驿站，很近,绿色的风雨同行比较多，15分钟2块钱，还有个红色的忘记叫什么名字了，15分钟1.5元，但是没小绿多,刷脸或校园卡自由进出,不查，坐标教辅二，11点宵禁，晚归大概会被阿姨训,流芳校区挺小的，女生宿舍待遇不行，男生可以来，女孩子慎重,2023-06-28 12:25:56,,,,,,,
100000132,腾讯文档,2,,,山东科技大学,目前所住的不是，A1宿舍楼大部分不是,宿舍有空调，2022年那个暑假学校装的，我们大一刚入学就吹到空调了嘿嘿，教室没有空调没有风扇,没有，但是每层楼都有浴室，八个位置，🈶隔板，我觉得这样挺好的，能用开，而且不用自己打扫厕所,看不同学院吧，我们学院是大一🈶晚自习，大二就没了,个别学院有,步道乐跑的话一学期50次 ，可以骑车,四五十天吧，刚大一还没正儿八经经历过寒暑假，去年寒假因为疫情放的长，没有参考性，今年暑假因为玩提前开学补大一因为疫情没上的军训，所以少了一周，也没有参考性,允许，有送宿舍楼下，也有送到校门口的,不是很便利，没有地铁，不在市区，去市区的话公交+地铁一个半小时左右,有,校园网挺好的，单买一个月会很贵，可以和校园卡一起办，很划算，限制设备，电脑端，手机端平板端各一个,周一到周五和周天每天晚上十一点断电，早上六点来电，周六不断电,我觉得有的贵，有的便宜，总体来说还可以,早上六点到八点，中午十二点到晚上十一点二十,可以，有充电桩，但是现在好像电动车不太好模拟牌了,这个不太清楚,没经历过,能,校园卡，刷卡，或者微信支付宝绑定校园卡后可以直接支付,不会，从2022级开始好像就没有银行卡了,贵,邮政，部分韵达，京东顺丰在校内。部分韵达部分三通在校外美食城。部分三通在厂房二楼。总的来说就是三个快递点，快递挺不方便的,挺多，但是还是不够骑,晚上11点,大一会比较严,无了,2023-06-28 13:26:50,,,,,,,
100000133,腾讯文档,2,,,湖南理工学院,是,有，15栋没空调,每间宿舍独立卫浴，但没有干湿分离,大部分学院大一有早晚自习，物电晚自习到大二,部分学院有，大部分没有,没有跑步打卡,暑假两个月，寒假一个月，一个学期十九周,允许，宿舍楼下取，要小心外卖小偷,门口有公交站,每层有三四台洗衣机和一台烘干机，不过寝室内允许自己安洗衣机,每个账号限两台设备，很贵,不断,一般般，价格跟点外卖差不太多,早中晚都有,有共享电瓶车,三千多瓦，好像,校外自习室？,能,一卡通，饭堂扫付款码,会,还行,有菜鸟,一种，跟小绿比起来不划算,没门禁,查寝查卫生和违规电器，不查归寝，凌晨都能回,社团活动还是挺多的,2023-06-28 13:39:23,,,,,,,
100000134,腾讯文档,2,,,黄冈职业技术学院,是,部分教学楼没有,有,有早操晚自习,无,1.2公里，40次,正常放假,外卖送到寝室楼下,交通不方便，只能公交打车,有,一般，,不断,正常,无限量,不能,限200w,晚上9点半查寝,能,微信支付宝校园卡都可以,会,正常价格,拿快递有点远,数目较多,晚上9点半查寝,查寝,没有,2023-06-28 14:25:34,,,,,,,
100000135,腾讯文档,1,[DESENSITIZED],2.0,中国政法大学,不是,有,没有，离澡堂最近的宿舍步行30s，最远的话不超过5mins,无,无,没有要求,都是两个月，寒假会稍长，小学期在暑假，时长为两周,允许，步行5mins可达,还行吧，有地铁（步行20mins），不在（北六环开外了），进城1-2h,有，一层两个,还行，手机电脑平板齐开没问题，00：00-6：00会断网,23：00（周末及期末周为00：00）－6：00,还行吧，有贵的有便宜的，会但是不算多，每所大学多多少少会有这种问题，只要不是鼠头鸭脖那种就好,12：00-13：30；16：30-22：00,可以但是很少人骑，一般都是自行车。不了解诶,300w,有，但是需要一点巧妙的躲藏技巧,能,校园卡，刷校园卡消费,会，中国银行,有点贵但还好,操场拿，时间是上午10-2点；下午4点半-6点半,不太多，学校外面多一点,学校没门禁，部分宿舍楼有门禁，时间根熄灯断网时间一样,不，不，能（但是运气不好的话会被阿姨骂）,想学法的来，想体验大学生活的别来,2023-06-28 14:35:04,,,,,,,
100000136,腾讯文档,2,,,南京理工大学泰州科技学院,有的宿舍是，有的不是，看专业。2022年开始学校逐步把4人间改为6人间，一个宿舍2个上下铺，2个上床下桌。上床下桌先到先得。,宿舍和图书馆有，教室有风扇,独立卫浴看宿舍，有的有，有的没有。没有独立卫浴的宿舍，一层楼两个澡堂和厕所，很近。,大一，周一到周五有早晚自习，周日有晚自习,无,无打卡，学校不限制骑车,寒假40-50天，暑假3个月，号称泰州放假大学。没有小学期。,可以点外卖，外卖有校园配送就是可以送到宿舍楼下的。除了校园配送的外卖，其他外卖一律送到东门外卖架子上。,没有地铁。学校不在市中心但是在城区，离医院、商场都很近,洗衣机在1楼，南北各6个左右,移动校园流量卡，办卡送校园网能达300兆，一般能跑12mb/s，可以接wifi，流量卡给的流量也很多，将近100g。,不断电断网,食堂一般午餐和晚餐13一顿，不算贵，学校食堂不算好吃但是还算干净。,热水一般20：00-23：00，冬天可能22：30就没了,可以，在图书馆北边，也就是泰州学院教学楼下，自助充电,600w吹风机能用，具体多少不清楚，但是学校会不定期查违规电器。,3号教学楼3201,可以，但是打游戏不要打扰室友休息,有校园卡，1食堂和2食堂可以用微信和支付宝，泰院新食堂只能用校园卡付,会，农行卡,超市正常价格，拖鞋拖洗衣液把这些都有,2个快递站，一个在6号楼，一个在7号楼，快递全部都能进校,没有共享单车，但是有轻骑,东门晚上9点关门，南门没有关门时间，但是宿舍楼晚上11：00左右关，工作日和休息日时间不一样，具体问阿姨,不查寝，有门禁，晚归要喊阿姨,学校中规中矩，主要是泰州政府和学校都不愿意投钱改善学校基础设施。,2023-06-28 14:35:42,,,,,,,
100000137,腾讯文档,2,,,天津职业技术师范大学,信息学院女生是，上床下桌五人间有独立卫生间,有，教室是中央空调，有一栋老教学楼没有空调，宿舍应该是都有空调了,有几栋宿舍有独立卫生间，浴室是公共浴室，有隔间有帘子离宿舍一两分钟（本人7a是有独立卫生间的）,大一有晚自习，我们是6.00到8.30,无,忘记了，记得是固定时间固定地方才能计入，可以骑车,和普通高校基本差不多？,允许，每个门附近抖有外卖柜，但东区可能稍微近一点西区的话外卖柜在正门和技校门口,学校应该是在城区边缘，地铁站离学校步行四五分钟，一号线进城很方便，附近也有好几个公交站,妹栋楼一层有公共洗衣机，高峰期可能得排队,一个账号两个设备，一个手机一个电脑，网还行，时不时可能会卡卡的,冬天断电11点，夏天不断，不会断网,目前没有吃出过异物，价格算可以接受，有六个餐厅，东区两个，西区四个，一餐比较好吃,12.00-22.00,可以骑，但不知道在哪充电（我四年也没找到）,限电，但不清楚具体的,无，,能,校园卡支付宝也可以，还可以有云闪付,好像不会？,还行,2023最新政策，中通在南门外，其他都在驿站（东区）,都有，基本上,11.点,查，封，可以,我感觉感觉挺好的,2023-06-28 14:41:41,,,,,,,
100000138,腾讯文档,1,[DESENSITIZED],1.0,江西交通职业技术学院,部分,宿舍有，教室部分,有，有两栋非独立卫浴,大一有晚自习,没有晨跑，只有一学期三十次的校园跑,1500m，可以骑共享单车,17.18.19周左右,大部分可送宿舍楼底下,出门地铁站,每栋一楼,自己宿舍办理了WiFi,不断电,平价,下午5:30-晚上23:30,可以,不清楚,图书馆,能带,水卡，饮水卡，食堂微信支付,不会,还好,挺好的,数量足够,星期天到星期四9:25查寝，星期五星期六9:50,会查寝,路桥属于学校的王牌专业，但是本人在信工，我们学校是江西大专里面前三师资力量还可以,2023-06-28 16:57:29,,,,,,,
100000139,腾讯文档,1,[DESENSITIZED],2.0,浙江科技学院,四人寝是，五人寝有个下铺,有,有,大一有，之后无,没有,120公里，可以骑（别被逮）,暑假两个半月寒假一个半月多，小学期大概三个月多一点,允许，送楼下,有地铁，不在市区，到市中心地铁半小时,一楼有,有点差，不限数量,不断电不断网,价格还好，没吃出过异物，食堂新装修的环境好,早上中午忘了 晚上5-12,可以骑，有充电桩,不限,实验室,能,用一卡通，食堂可以刷卡可以vx支付宝扫码,会发农行卡,还行,快递点很多，没啥政策,共享电瓶车多 主要是哈啰,宿舍楼12点,不查不封 晚归叫醒阿姨挨完骂登记就行了,校园很大，还有个湖，环境巨好，但是没电瓶车上课得走半小时,2023-06-28 17:08:56,,,,,,,
100000140,腾讯文档,2,,,石家庄学院,不是,宿舍有，教室大部分没有，几个别有,没有独立卫浴，澡堂离宿舍200米左右很近,没有早自习，大一有晚自习，后来就没有了,极个别学院有 我的学院没有,没有这个要求,忘了，就是正常假期,允许，北校区南门，挺近不远,便利，学校北门东行150米，留村地铁站,有,需要买，我没有买，不了解,断电 ，周六日不断电，平常早6:00-8:00有电，8:00-12:00没电，12:00-23:30有电。,还阔以，偶尔会,早上9:00到晚上10:30的样子,北校区，自己的可以骑，现在学校没有共享电车了，教学楼下建了充电桩,不清楚,么有,能,校园卡或人脸识别进出校园；校园卡，微信，支付宝都可,会,贵,还行,北校区没有,刷脸即可,一般不查，11点关宿舍门,来的话建议尽量报考南校区的专业，北校区没有图书馆，太难受了，平常的自习需要自己去找空教室，烦的很…,2023-06-28 17:08:39,,,,,,,
100000141,腾讯文档,2,,,辽宁铁道职业技术学院,不是,无,无，学校就一个。老排队对于男生,有晚,大一有,目前没有这个要求,两个月,得自己去门口取，有能送到学校的寝室楼里的。（女生一般得去楼下）,挺方便的,有，两元一次,限制的,十点半断,最便宜的七块。,早上到晚上九点多,不可以,十点半关电,无,可,没有什么用的,有,凑和,还行吧门口有学校也有,无,刷脸,查寝回不去,就那样吧，谁让学习不好活该。凑合呗。,2023-06-28 18:45:37,,,,,,,
100000142,腾讯文档,1,[DESENSITIZED],1.0,山东艺术学院,两个上床下桌，两个上下铺六人间,有,没有独立卫浴，但是在每层楼尽头有洗浴间,无,无,无,无小学期，寒假一个半月，暑假两个半月,校内外卖在宿舍楼下，校外在校门口,有地铁，进城一个小时，去商业街有共享电动车二十分钟,有,还行，不快，能用,不断,一般，异物偶有,全时间供应,可以，宿舍楼下都有,300w,每层楼有自习室,能,微信支付，建行卡,建行卡,还行,不错,有，经常换,可以进，带人也行,查寝，扫脸走人也可以，晚归可以回,欢迎学弟学妹报考传媒学院！,2023-06-28 20:01:54,,,,,,,
100000143,腾讯文档,2,,,宁夏大学,有的宿舍是，有的不是,宿舍没有，有的教室有,四人间有独立卫生间，澡堂离宿舍不远,有的学院有早自习和晚自习,有的学院有晨跑,18公里，可以骑车，但有很多其他要求,寒假两个月，暑假六七周,允许，不远,便利，没有,每个宿舍都有洗衣机,一般，时好时差,不断,一般，没有,早上九点到晚上十点,可以，在充电站,限800W,不知道,能,校园卡吃饭洗澡，水卡来接喝的水,发建行卡和宁夏卡,价格有点小贵,不限任何快递,多，一种,宿舍晚上11点,不查，封，不知道,新学年可能会搬宿舍,2023-06-28 19:58:58,,,,,,,
100000144,腾讯文档,1,[DESENSITIZED],1.0,江西科技师范大学,是,宿舍都有，小部分教室没有,每个寝室有独浴，没有独卫，卫生间一层楼两个，有隔间,无,部分学院有（教院没有）,没有跑步打卡要求,暑假2.5个月，寒假1个月左右,允许，但是只能在校门口取外卖，很远,目前只有公交，地铁好像在修了，,有洗衣机,还行吧，时好时坏,不断电不断网,基本套餐在6-12元，红角洲的食堂还行，基本没异物,平时18:00-24:00 夏时令中午12:00-14:00也有热水,可以骑，有充电桩,800w,图书馆，空教室,能啊，随便你带不带,校园卡,中国农业银行,还行，水果捞稍贵，其他就一般,行,无,宿舍22:30门禁,查寝，不封寝，晚归能回，但会被记录,图书馆学习氛围蛮浓厚的,2023-06-28 21:20:51,,,,,,,
100000145,腾讯文档,1,[DESENSITIZED],2.0,广东工程职业技术学院,以前是，现在宿舍四改五了，一个下床做两张桌子,宿舍有空调，教室有些有有些没有,有一个厕所一个浴室,没有,没有,没有,比中小学久，23年暑假79天，每学期从第二周开始上课，到18周结课，19、20周考试,有同学自制的小程序和微信群，送到手里,公交车第一章，去市区去高铁站都要20块钱左右,每间宿舍都有，自带桶自洁，1.52块钱一次快洗，还有大件洗和甩干,一般般，宿舍只有电信可以用,不断，但是要熄灯,不会,不知道，一般都有,以前可以，今年开始不能再办校园牌了,2200，好像是，还可以,校外,可以,全部用手机，微信或者支付宝,会，建设银行,有点贵,圆通韵达在校外，其他在菜鸟驿站，要下载APP,没有,第二天上学就11点，第二天放假就11.30,不查，可以不回来，但是晚回来辅导员会找你,每栋建筑都有电梯，适合养老,2023-06-28 20:58:52,,,,,,,
100000146,腾讯文档,2,,,南昌大学共青学院,是,教室有风扇没空调，自习室有空调，宿舍有空调,一个独立卫浴,大一有早自习,无,无,寒假一个月，暑假两个月，16周,很近,方便，在小县城中心位置，无地铁,有,稳定，最快8MB/s,11点断电,一段时间好一段时间坏，最坏的时候9块钱一荤一素全肥肉，最好的时候9.5元两个满满的肉菜加一个西红柿鸡蛋,"6：00-8：00   12：00-14：00  
17：00-23：00",可以，食堂后面,不限电，0.62一度电,不清楚,能,微信支付宝,中国银行,一般，北门门口有乐尔乐特价超市很便宜,无,共享滑板车,22：30晚归找班长报备，没报备通报批评,报备可以,学校总体很好，教学环境好,2023-06-28 22:18:32,,,,,,,
100000147,腾讯文档,1,[DESENSITIZED],2.0,上海济光职业技术学院,是,有,没有独立卫浴寝室总共13层澡堂在二层.且男生澡堂不在男寝楼内，洗澡需要经过食堂在食堂是一段露天的路，并且疫情封校都不允许去澡堂洗澡只能在集体厕所内冲一冲在水池里洗头，非常非常不推荐夏天洗完澡挤电梯上楼一身汗爬楼梯上楼也是一身汗等于白洗,大一有早晚自习,无,无,寒暑假放假时间还挺长的一学期大概十六周记不太清楚了多次因为疫情原因提早考试,可以不远,有地铁有点路远不在市区去人民广场大概半小时以上吧,女寝每层楼两个集体厕所一个厕所一个洗衣机烘干机就只有双数楼层有,需要你的学号和密码之前校园网密码还是蛮复杂的一串,全寝室楼十点半断电但寝室内灯需要手动按下电灯开关否则第二天早上六点就开电源了灯主动会亮影响睡眠,价格可以接受二楼的价格较贵，没印象吃出异物,好像九点还是九点半就关门了集体浴室,没看见过骑电瓶车的学校很小很小,就只能充电不能熨烫机不能吹风机我买的小电风扇倒是可以用功率一大自动跳闸全寝可能会被扣分,没有图书馆关门很早不想待寝室只能去楼梯口背书,可以,充值饭卡每次充值饭卡都需要去食堂或小卖部刷一下不然洗澡刷不了卡,会农行卡,很小的超市员工脾气大得很买个口罩麻烦她帮我把包装扔进他身后的垃圾桶搞的好像我侮辱她了冲我大吼，并且超市物价都很贵,菜鸟驿站需要下个APp有收款码发送手机上需要根据收款码去找,没有共享单车学校外门口倒是有,十点半，我一般都踩点进寝室,工作日查寝晚归要登记名字，碰到过疫情封校封楼封寝,不推荐辅导员对于寝室问题不作为主打一个大事化小 小事化无图书馆不能深夜学习导致需要学的人只能去教学楼找空教室学习,2023-06-28 23:30:10,,,,,,,
100000148,腾讯文档,1,[DESENSITIZED],2.0,莆田学院,新校区是，旧校区不是,有,都有，卫浴分开，一卫一浴,无早，大多专业在大一大二有晚自习，一周2-3天，大三后无晚。（据说部分专业无晚）,无,女80男120（一直在根据情况变化，有什么突发情况就少一些），可以骑车，速度别快就行,都一个多月，暑假略长一点点,可以点，旧校区取外卖地方一般不会很远，新校区特别远,旧校区在市中心交通便利，但是设施没有新校区好。新校区回旧校区校车40min左右。,有，但是旧校区中区比较少，是一个洗衣房，好几栋宿舍楼都只能去那个洗衣房。新校区每个宿舍都有一台。,校园网一般，限制数量，只能一电脑端一手机端,不断,旧校区比新校区便宜一些，新校区也还能接受。异物不多,宿舍自带热水器，全天,旧校区应该是可以，新校区好像没怎么看到,不限制,有时候会查房,随便带,校园卡,会，用于学费扣款的，后续毕业了也还能接着用,还行,旧校区以前是快递员三轮车送到食堂侧面大空地，然后自己去找（后来搬去新校区了不知道有没有变化）。新校区西区菜鸟驿站关门了，目前没有菜鸟驿站，只能去中区菜鸟驿站拿,哈罗单车，挺多的,23:00:00,查，不算经常，旧校区得刷学生卡进入，新校区目前还不用。晚归通报批评（校门口得刷脸进出，晚归会记录）,各有各的好，新校区设备完美但是偏僻，旧校区市中心，设备环境不如新校区,2023-06-29 11:27:38,,,,,,,
100000149,腾讯文档,2,,,上海海洋大学,是,教室有部分没有，宿舍有,没有，就在宿舍对面,大一有晚自习,无,无,基本上都两三个月，小学期一个星期,允许，走路5分钟,门口是公交车站，可以坐公交车去地铁站。进城两个小时,有,宿舍没有，网还可以，不限制,不断电不断网,一餐不贵，二餐贵。偶尔吃出异物,下午两点到晚上十一点,可以，不清楚（因为我没有）,无,有,可以,一卡通。微信校园卡都可,会,只有罗森,还可以，寄出贵,只有哈罗,大门无门禁，宿舍看情况,不查，分小区。一般都能回,学校还不错的。就是有点小，经常有很多活动。随舞和表演之类的！欢迎报考！,2023-06-29 17:26:20,,,,,,,
100000150,腾讯文档,1,[DESENSITIZED],2.0,江西理工大学,三江校区是滴，红旗不是,三江有，教室可以免费开,三江校区有独卫,大一大二有,无,要跑35/40次，每次1.5公里，骑车要摇手机,寒假1个月暑假2个月，目前还没开小学期,允许，校内外卖送到寝室楼下，校外只能去校门口取,交通不便利位置偏，去市区一般坐公交,每层有三个,还可以不卡，就是换个地方就要重新连,断，现在是11：10,食堂正常物价，目前我还没吃出来,全天,可以骑，有充电桩,2000w,没有,可以啊,有一卡通，但是用手机也行,会,有的很便宜，有的很坑,就是菜鸟驿站，但是不是特别负责,美团供应的，数量还行吧,晚上10点前回学校,班委查，封，太晚了会锁寝室楼门,学校环境挺好的，就是位置太偏了像在郊区交通不方便，宿舍特别好图书馆也不错，如果你想经常出去玩不建议来，但是江理是个学习的好地方，还是欢迎大家报考啊,2023-06-30 00:36:00,,,,,,,
100000151,腾讯文档,1,[DESENSITIZED],1.0,齐齐哈尔高等师范专科学校,否，除了高铁,没有！,没有，近，8元一次,目前无早，晚的话基础教育一系应该大二都有,体有，其他没有,无，可骑,寒假:2-3月，暑假:1-2 夏天:4个月多 冬天:3个月多,允许，2-5分钟,有个公交车就在学校门口停,没有,将就，39一月的卡 1月180的网费,不断，功率很小！,有贵的也有便宜的。 有过一次,7:30-20:30,可以，没有充的地方,很烦人！ 除了充手机，电脑3台就跳了,9点封寝室，别想了，每天都有晚检！,都可以,洗澡卡，洗衣服卡。微信和饭卡,没有,偏贵，比外面,还可以,无,9点,查（还有早检），封，可以（不过会扣寝室分）,有早捡7点弄完，有教室外值日的6点起，6:30弄完，厕所是凹槽，没有图书馆，只有一栋教学楼，吃的偏甜。没有阳台，寝室不一样大小。,2023-06-30 08:23:44,,,,,,,
100000152,腾讯文档,2,,,河北美术学院,有的是，有的不是,有，教师中央空调，宿舍有的中央空调有的独立,有独立卫生间，洗澡的话还好吧，看你住在哪里,没有,没有,没有,寒暑假两个月左右，上学在3-4个月，也就三个多月，算上考试周,允许，宿舍楼很多，看住在哪里。在学校专用程序上点可以送楼下楼上。美团，饿了么，门口取,不在，很多出行方式，可以去正定做高铁，也可以拼车去。,有，一层最少两个，还有四个的。,限制两个设备，还行吧，有点贵，我用的流量卡,不不不,还行，有便宜的有贵的。上次在凉皮里吃饭一只苍蝇,正常时间去就可以,可以骑，不知道在哪里充电,不知道，反正不能用吹风机，可能可以用电卷发棒，小功率的,楼道,能,手机支付,不会，除了助学贷款，贫困的,有好几个，有比外面贵的，也有正常的，东西挺全的,很方便，有菜鸟驿站，,应该现在是有了，够用,看情况，在外面过夜需要假条,查，封，没晚归过，看宿管阿姨吧。,客观评价就是有利也有弊。任何事情都是这样的，有好有坏。我觉得我们学校挺好的，食堂很多，还有一个平价食堂，老师也很负责，但是自己的努力占很大原因，经常有活动，考试之前我们还参加了类似于音乐节这种，宿舍楼很多，有上下铺，也有上床下桌。虽然我们大一住的上下铺，但是也还好吧，比一般学校的宿舍好吧。学校周围的娱乐项目也挺多的，而且学校里的小猫咪也很可爱。（我是猫咪脑袋）除了学费贵一点，但是哪个民办二本的学费也都差不多，像河传，燕理，也都差不多。整体下来我觉得也还不错。在民办二本里真的很不错了，我们校长从一个补课机构，白手起家，到现在一个本科学校挺不容易的。而且当时因为yq，封在学校里，学校联合食堂，mf给我们提供一日三餐，吃的都是各个商家的顶配版，学校对我们真不带差的，志愿者老师们也是，住在楼道里，冬天很冷，没有被子，真的很负责。,2023-06-30 09:57:29,,,,,,,
100000153,腾讯文档,2,,,云南师范大学,看情况，有的宿舍是4人间，有的宿舍是6人间,没有,有,看专业,看专业和社团,女生80公里，男生100公里，校园内可以骑车,按国家正常法定放假,允许点外卖，甚至有外卖送宿舍服务,交通算便利，有地铁不在市区，进城地铁一小时多,有洗衣机，但需要收费,一般,12:00断电，不断网,价格亲民，还行,中午12:00~14:00晚上17:00~23:30,可以骑 在宿舍楼下可以充电,看电闸，有些电闸轻轻一用就跳电,有图书馆和机械师，但不能通宵，图书馆23点闭馆,能带电脑,一卡通可刷卡，也可下载APP支付,会的,和校外物价一样,有菜鸟驿站,学校里没有共享单车和共享电动车,需刷一卡通,看宿舍阿姨查寝情况,宿舍环境的话，看每个专业，有些专业是男生6人间，女生4人间,2023-06-30 12:23:03,,,,,,,
100000154,腾讯文档,2,,,南京医科大学,是,全都有,有的，宿舍楼之间不太一样，江宁区(新生待的校区)，五栋，有独立卫浴,有晚自习(部分专业)，也有晨练(部分专业),没有，但部分专业有晨练，太极拳,"标准要求是:每周三次keep跑步打卡，一次三公里，配速在12以内，轨迹绕操场，不可以骑车。
但看运气，运气好了会比较松",两个月，假期还是可以的,允许。部分店家通过小程序可以直接送到宿舍楼下，校内部分餐厅也可以配送到宿舍楼下。但校外很多餐厅，会放在北门外卖柜，外卖柜距离宿舍大概要走七八分钟，有点远。,"江宁区(新生)不在市区，南门口就是地铁，北门就有公交车，进市区大概要四十分钟地铁。但周边有吃喝玩乐的地方。
五台区(大三大四实习)在市区内，但校区很小很破",有，洗衣房。可能要排队等一阵，但是想用都是能用到的,不限制数量，按连接的设备数目以及时长计费，略慢，但正常使用是没有问题的,不断，完全不断,"江宁区
早餐选吃的常规一点五块甚至三块就能吃饱，吃的花样多一点也就九，十块(很饱很饱)。
晚午餐大窗口，一荤一素8-10r以内，两荤(15r以内，11-13r左右)，大概就是肉菜5-6元，素菜3-4元，米饭不要钱。
去各种小窗口吃的话，10-15r不等，也有点菜制的，上不封顶。",全天，凌晨三点洗澡都没问题,好像不能，不过有共享单车，可以骑自行车,不限,"江宁
有，图书馆五层，教学楼空教室，乃至各教学楼的一些沙发",能,用校园一卡通，两个校区通用。门禁、超市、食堂、热水、洗澡都可以刷一个卡。,会，开学前会提醒,有一个大超市，食堂内多个小超市，东西比较全,统一在邮局，距宿舍5-7分钟路程，菜鸟驿站或者拼多多等等扫码取货,哈啰单车，只有这一种,早上五点到晚上十一点前都可以自由进出宿舍楼，全天可以自由刷脸进出学校大门，当天出校当天回的话可以随意，校门口刷脸就可以。晚上不会宿舍分话需要请假。,查，不封(应该)，可以回，但会被记,"江宁区环境不错
五台很抽象
社团还算丰富
学风很卷，卷生卷死
一般都是考试月(划重点)
一不小心容易从开学考到放假
书很厚，题很多",2023-06-30 18:07:46,,,,,,,
100000155,腾讯文档,2,,,河南科技大学,有的是有的不是,"宿舍有，但需要交押金，自主选择是否使用
教室只有一些智慧教室有，其他的没有",没有。离得不太远,大一有，之后没有,大一有，看学院管的严不严,女生150，男生200，可以骑车,就正常两个月左右,允许，嘉园离得很近,开元校区，不太便利，打车三十分钟左右,有,只能一台设备,不断电不断网,不太贵，我没吃出过,早上十点到晚上九点（大概是）,可以，新增了很多充电桩,只能日常使用，大功率的一律不行,无,能,一卡通，微信支付宝绑定后可以,会，和通知书一起寄过来,普普通通，但龙翔街尽头有大张超市，很方便,嘉园拿快递太远了，小蛮驴智能但没那么智能,租八戒，哈啰，很多，但要用一个都找不到,11点前？大概吧,不查，11点半前能回去,校园环境还不错，但路不太好，破破烂烂的，学习氛围很强，经常有一些活动，还挺不错,2023-06-30 20:47:34,,,,,,,
100000156,腾讯文档,1,[DESENSITIZED],2.0,安庆师范大学,是,有,西门独立卫浴，东门除1-5号楼六人间都是独卫无独浴,大一有晚自习,无,每日1.6公里，每学期40次，骑车别被抓就行,暑假两个月，寒假也有四十天到两个月，貌似没有小学期,允许，外卖送至宿舍楼下,无地铁，距离市区十多公里，公交四十分钟到一个小时左右,有,还行，对校园网期待别太高,不断,偏贵，暂时未发现异物,西门独卫全天供应热水,不可以,800W,无,能,校园卡，食堂可以刷卡或微信支付宝二维码付款，不过要跟自己校园卡绑定,会统一办,不咋地,还行，东门宿舍附近有快递中心，西门要到校门外卖寄收快递,校园内无共享单车,晚上十点半校大门关闭，十一点宿舍门关闭,一般不查寝，晚归翻墙或者求求守门的吧……,除最新的两栋楼之外，宿舍住水泥地啊！！水泥地！！跟住毛胚房一样巨巨招灰,2023-06-30 21:53:51,,,,,,,
100000157,腾讯文档,1,[DESENSITIZED],2.0,桂林旅游学院,是，23年后入学的可能会遇到六人间改八人间，将会是上下铺,有,有,有,有,大一女生每天1.5公里，男生2公里，满分40/60次，可以骑车,寒暑假两个月，学期五个月,允许，在校门口取外卖，很远,交通不便利，没有地铁只有打车和公交车，不在市区，进城四十分钟左右,有,在宿舍只能电脑连网线连得上校园网，在教学区内可以连无线，校园网不能开vpn不能上b站和网易云，设备应该不限制,每天晚上23:32断电,食堂一楼很便宜，二楼自助稍贵，没吃出过异物，学校有商业街有很多吃的,感觉是全天供应，基本随时随地都有热水洗澡,不能骑电瓶车，能骑自行车,800w以下,没有,能,洗澡热水用校园卡，食堂和商业街消费用手机就可以,会要求办理，卡里有补贴,正常生活超市，该有的都有,有菜鸟驿站，所有快递都在驿站拿取，寄快递可以在驿站寄,共享单车很多，还有校园摆渡车,应该是晚上十点以后不能出校门,看导员，有时候会查有时候不会，不封寝，晚归可以回,学校环境真的很好风景优美，教室大都有空调，商业街和食堂东西便宜好吃，宿舍上床下桌北区宿舍新装修的环境更好就是有点远，学校商业街开有个大品牌奶茶店咖啡店，但是离桂林市区很远，交通不便利门口只有两路公交车，学校隔壁有电动车出租，学院也多可选择专业多多,2023-06-30 21:40:02,,,,,,,
100000158,腾讯文档,2,,,河北地质大学华信学院,不是,教室没有，夏天上课热晕学生，宿舍有，收费巨贵，恶意收费，一学期先收电费1000,有独立卫生间，没有浴室，走几步路就到了,护理系大一大二都有，别的系只有大一有,大一偶尔组织,没有要求跑步，没必要骑车，校园很小，也没有共享单车,差不多两个月,不能点外卖，周围方圆5公里没有吃的,什么都没有，去新乐坐公交，去石家庄坐大巴，都需要一个多小时,有，收费,又贵又垃圾,不断，但是有的系会十点断,一天30起步，吃出异物太常见了,晚上8点半,不可以，没有地方充电,限制大功率,没有，图书馆下班比宿管阿姨还早,能,支付宝微信消费，只有水卡需要购买充值,不会,贵的离谱,比外面贵,根本没有共享单车,只有周五中午可以出去，周日晚上七点前必须回来，其余时间不能出去,不查，不封，能,师资力量真的一言难尽，很多都是从这个学校毕业的学生当老师或者辅导员，教的还没你自学的快，校园从大门口走不到半个小时基本上校园就转完了。平时想方设法额外收费，不交就收拾你,2023-06-30 22:37:44,,,,,,,
100000159,腾讯文档,2,,,河北科技师范学院,开发区不是，上下铺，有六人间，也有六改八,开发区没有，教室和宿舍都有电风扇，,开发区无，这个校区小，去哪儿都很近,分学院，当时教育学院大一有，教院学生会组织的，不知道现在情况,疫情前有，六点开始，400的操场两圈,没有打卡要求,寒暑假正常放，一个半月左右，没有小学期,允许，开发区取外卖很近，可以送到宿舍旁边的栅栏处,交通便利，公交很方便，秦皇岛没有地铁。主校区和开发区都在市区。,有，付费。3－6元左右。,自己买流量卡,开发区分宿舍楼，不过今年好像不断电了，之前3号楼（教院住的）23点断电,价格适中，曾吃出过，概率不大,开发区澡堂8.00－22.00，热水房（免费热水）和澡堂时间差不多。有付费的热水器，全天的。,开发区可以骑，有充电车棚。,不清楚，不允许用大功率电器。,开发区无,可以,校园卡、微信支付、支付宝,会,还可以，开发区只有一个，够用。学校对面也有便利店，很近，因为学校很小，去哪儿都不远。,取快递很方便，寄快递也方便。,门口有很多贡献单车，有两三种吧。黄的、蓝的、绿的,只允许学生出入，宿舍门禁22.30，差几分钟也没事,偶尔查，学生查，查新生就会严吧。22.30封，晚归差几分钟可以进。,科师在河北省的高校中，地理环境不错，海边城市秦皇岛真的很有趣，很多景点，大学四年可以慢慢游玩。文科专业大多在开发区，造成这个校区女多男少。面积也不大，但是算是在市区里。最重要的一点，开发区没有图书馆，很崩溃，不过学习氛围很好，处处都是学生们学习的痕迹。,2023-06-30 23:28:01,,,,,,,
100000160,腾讯文档,2,,,广西师范学院,是,宿舍有，部分教室有,有独卫,大一早晚自习 大二晚自习 不是每天都有,无,无,寒假一个月左右 暑假两个月左右,允许,不太便利 没有地铁,可以宿舍一起买,不行,不断,价格不太实惠 偶尔,7:00-24:00,不能,不限电,有,能,一卡通或者微信支付宝都可以,会,说小卖部比较合适,没啥限制,只有哈罗单车,23:00:00,有时候查，不封,不想当老师别来,2023-07-01 05:15:36,,,,,,,
100000161,腾讯文档,1,[DESENSITIZED],1.0,黄河交通学院,老校区两个上床下桌两个上下铺，新校区全部上床下桌，都是六人间,教室没有，宿舍有,老校区教学区宿舍有，生活区没有，澡堂离的很近，新校区都有,早八课带晚自习，三年周日到周四的晚自习,一周一次,男生84，骑车要控制速度,和正常一样,可以点，老校区离得近，新校区离的比较远,有公交站，共享单车，高铁站离的很近,有,不限制数量，网络质量不错,不断,7-15的样子,全天,可以,不限但要自己充,暂时没有,可以,扫码支付,有发,稍微有点黑在的,没什么限制,老校区用不到，新校区里面有一种,周末不查寝,周末不查,，,2023-07-01 22:18:06,,,,,,,
100000162,腾讯文档,1,[DESENSITIZED],1.0,郑州理工职业学院,是的,有空调,有,有晚自习,大一有,我那个没有跑步打卡,正常放假,基本上没啥能点的外卖,不便利，一个小时左右,宿舍里面有,还可以，只能一个设备用,不断电,还行,好像是下午,有充电的地方,大功率的不行,没有,能,学生卡，刷学生卡,发,没啥大超市,完善,没得共享单车,出去应该需要学生卡,查，晚归能回,虽然学校不咋样，也不大，但是也有一些美好回忆，希望大家考高点，考上本科远离他,2023-07-01 22:19:18,,,,,,,
100000163,腾讯文档,2,,,苏州职业大学,否,有,南区独立卫浴，北区大澡堂（不远）,大一有晚自习，外国语学院好像有早自习,有，体锻打卡,无,寒假一个多月，暑假两个月，无小学期,允许，不远,便利，有地铁，不在市区，大概半小时,有，一次五块钱，好贵,有时卡,不断,价格有点贵，不会,全天不间断,不能骑,不清楚,没有，有门禁,可以,可以使用校园卡，也可以微信和支付宝绑定校园卡后使用,会，农行的,一般,都有站点,无,宿舍10：30关门,查,社团很好，有多种选择。师资力量好。,2023-07-02 01:46:16,,,,,,,
