序号,提交答卷时间,1、如果您在主观题中留下了精彩见解，并希望在最终报告中获得署名，请留下您的常用网名/代号（留空则视为自愿以‘匿名受访者’身份参与开源共享）：[___________],2、你的学校是全称是？,3、(1)你的入学年份及就读专业是什么？___,3、(2)年入学，专业为___,3、(3)，你的性別是___？,4、你的培养层次是？,5、学校地理位置和实际分配校区情况—你所就读的学校的办学地点是,5、你实际被分配的校区是,6、学校转专业容易吗？（可选）,7、导师管理风格与组内学术氛围如何？,8、实验室与工位硬件条件如何？,9、研究生的补助与福利待遇大概在什么水平？,10、是否存在“异地研究院/分院/校外基地”联培情况？生存现状如何？（没有请跳过）,11、宿舍的床位结构是怎样的？,12、教室和宿舍有空调吗？,13、宿舍有独立卫浴吗？,14、每天会断电断网吗？,15、宿舍的限电功率是多少？会没收违禁电器吗 / 查违章电器严不严？宿舍允许挂隐私床帘 / 遮光窗帘吗？（可选）,16、大一刚入学允许带电脑吗？,17、晚上宿舍会查寝或封寝吗？,18、食堂的价格与卫生质量如何？（可选）,19、校园网的收费和网络质量如何？带宽多大 ？（不用校园网则跳过）,20、校园内用什么卡消费？,21、学校的快递收发政策怎么样？（可选）,22、校园内超市的物价和服务怎么样？,23、学校允许点外卖吗？,24、校园内可以骑私家电瓶车吗？,25、校内共享单车的数量与种类如何？,26、学校周边的交通便利度如何？,27、日常考勤管理严格吗？,28、每学期跑步打卡的要求是多少公里？（可选，没有请跳过）,29、寒暑假一般放多久？有小学期吗？有的话是多长？,30、自习资源和图书馆体验如何？,31、🤔💬 自由补充
307,2026/9/18 19:20:55,星极,湖南师范大学,2026-09,物理学,男,本科〖大一〗,湖南-长沙市-岳麓区,南院,一般（有绩点或人数限制）,导师管理宽松，自由度高┋组内内卷严重或压力较大,条件较差（抢工位、设备老旧、资源紧张等）,(跳过),办事、报销、管理较麻烦,上床下桌〖上床下桌和上下铺一半一半，物理学大概率上下铺（四人间六人间七人间）〗┋上下铺┋四人间┋六人间┋八人间或者其他（如独立单间等）〖四人间，五人间，六人间，七人间，九人间都有〗,教室有┋宿舍有,有独卫〖也是差不多独卫公卫一半一半，公卫就在本层〗┋有独浴〖也是差不多独浴公浴一半一半，公卫就在本层〗,(空),700W，实测南院两台笔记本，一台台式，还边使用一个800W的电吹风没事，但是别的寝室用更大功率的电吹风就会跳闸。,允许带电脑,只封寝不查寝〖23点之后刷卡也不让进了，要跟阿姨说，偶尔查寝。〗,一般吧，但是因为在城里外面的店子随便吃，南院四栋的入口甚至在路边上的店面里,垃圾，合着校园网（49/月，包括了手机卡）宣传时候说的20兆是小写的啊，实际网速就不到2.5MB/s（限制两个设备），下个游戏下一整天，都不够我看1080P视频的（但是延迟还行不会断联），神了。只办手机卡就是29/月（180GB），手机卡网速好多了，但是感觉跟运营商故意的一样，每1-2分钟就会断连几秒，延迟在90ms左右，用流量打游戏的有福了，推荐不打竞技游戏的就不要办开校园网，真的垃圾，在这个家里千兆网普及的时代还有20mbps的网速没谁了,其他〖洗澡强制要实体校园卡，其它都可以用微信支付宝，门禁也用的实体校园卡，但可以nfc写到手机里刷〗,南院有两个菜鸟，一个顺丰（离得很近，100m之内），大部分快递都能发。晚上会关门,物价正常（与校外基本持平）┋种类多,允许，外卖员可以送至宿舍楼下,可以自由骑行和充电,数量较少，早高峰基本靠抢,极好，校门口或步行距离内有地铁站,有强制早自习〖大一每星期有几天有〗┋有强制晚自习〖大一每星期有几天有〗,还不清楚,正常放，暑假2个月，寒假1个月。没有小学期,有，南院的在食堂上面,早有耳闻行政效率低下，体验之后确实如此
308,2026/9/19 0:39:00,Dr.隔壁汤某人,炎黄职业技术学院,2025-09,市场营销电商,男,大专〖在读大二〗,江苏-淮安市-涟水县,主校区,一般（有绩点或人数限制）,(跳过),(跳过),(跳过),(跳过),上床下桌〖6  8人间不确定4人间是上床下桌〗┋上下铺┋四人间〖是上床下桌〗┋六人间┋八人间,教室有〖有些教室没有有些教室有〗┋宿舍有,有独卫┋有独浴,(空),默许你可以用但是不要被抓到   床帘无限制,允许带电脑,既严格查寝又按时封寝〖一般89点开始查人数查到有人不在直接说回家（仅限于五六日）/请假/买东西还没回来〗,(空),39一个月的校园卡 网速还行（就是老是跳认证很烦）人多的时候会卡高峰期异一过还是很稳定的,微信或支付宝直刷,每天上午10点学校门口会有辆顺丰的三轮车收发快递     拿快递的话快递点离校外1 2 公里这样（有两个快递点）,物价正常（与校外基本持平）┋种类多,可以点，但只能去校门口/外卖柜/指定地点拿〖在校门口〗,可以自由骑行和充电〖学校门口不远处就能看到集中充电/停车点（也有汽车停车场）〗,校内完全没有共享单车,偏僻，进城单程需要一小时以上〖这边除了有两个吾悦广场基本没什么好逛的地点了一般打车/门口的公交站去汽车站花8块坐淮涟专线直达淮安市区〗,有强制晚自习〖大一有大二没有〗,无,2个月多一点这样,无（图书馆不记得有没有）,学校里的小诊所别去那边给你治病的好像连证都没有
309,2026/9/19 1:56:57,匿名受访者,南宁职业技术大学,2026-09,现代物流管理,（不愿透露）,本科〖1〗,广西-南宁市-西乡塘区,主校区,(空),(跳过),(跳过),(跳过),(跳过),上床下桌〖专科宿舍为十二人间，部分宿舍为六人间，本科八人间上床下桌〗┋八人间,教室有〖教室空调不凉〗┋宿舍有,有独卫┋有独浴,断电〖11〗,800w（含800），会查，严不严不清楚，允许,允许带电脑,偶尔查寝但不封寝,还可以,还行,微信或支付宝直刷,离宿舍不算远，一般晚上十点左右下班,物价偏高（比校外贵不少）┋种类少,可以点，但只能去校门口/外卖柜/指定地点拿〖校门口，不算特别远〗,可以骑，但限制很多或需要办牌照,数量较少，早高峰基本靠抢,一般，需要坐公交车转乘地铁〖校门口有地铁，到市中心几十分钟就可以了〗,有强制早自习┋有强制晚自习,(空),我是大一，还不知道,还可以，人挺少，但是晚上关门快,(空)
310,2026/9/19 16:06:25,繁花似梦,贵州生态能源职业学院,2026-09,机电一体化,（不愿透露）,大专,贵州-贵阳市-云岩区,主校区,(空),(跳过),(跳过),(跳过),(跳过),六人间〖三连桌〗,教室有〖基本没有〗,有独卫┋有独浴,断电〖周日到周四晚上十一点半〗,(空),允许带电脑,只封寝不查寝,(空),39一个月，300m,微信或支付宝直刷,快递点在一号公寓楼下,物价偏高（比校外贵不少）┋种类正常（与校外基本持平）,可以点，但只能去校门口/外卖柜/指定地点拿,严禁学生骑行和停放私家电瓶车,校内完全没有共享单车,一般，需要坐公交车转乘地铁,有强制晚自习〖一个半小时，大一〗,(空),正常放,还好，没多少人，位置比较隐蔽,放志愿最后一位就对了，天天满课水课多，晚上没课强制去教室
311,2026/9/19 17:04:16,Copper0SO4,杭州电子科技大学,2026-09,计算机科学与技术,男,本科〖大一〗,浙江-杭州市-钱塘区,主校区,一般（有绩点或人数限制）,(跳过),(跳过),(跳过),(跳过),八人间或者其他（如独立单间等）〖五人间〗,教室有┋宿舍有〖需要租，四年1700左右〗,有独浴,(空),允许挂，违规电器会查，但不频繁,允许带电脑,只封寝不查寝,好像是有六个食堂,"这个看运营商，基本是39/49元带宽带，宽带速率基本是500Mbps, 也有300Mbps的",实体校园卡┋微信或支付宝直刷,快递点就在生活区北门出来的，外面的店，因为在学校外面的驿站，学校也无权管理就是了，事实上是完全允许，这么理解就好,物价偏高（比校外贵不少）┋种类正常（与校外基本持平）,可以点，但只能去校门口/外卖柜/指定地点拿〖很近〗,可以骑，但限制很多或需要办牌照,车很多且种类丰富，很好骑,极好，校门口或步行距离内有地铁站,有强制晚自习〖这里一定要我选一个！😭大一有晚自习，但不严格〗,不知道，不允许用车和抄近道,比较正常的时间安排,座位似乎需要预约,不要在杭州电子科技大学下沙校区寻找五号教学楼，你只能找到草坪！！以及为什么宿舍2F是3楼
312,2026/9/19 21:32:03,匿名受访者,深圳城市职业学院,2026-09,宝玉石鉴定与加工,（不愿透露）,大专〖大一〗,广东-深圳市-龙岗区,主校区,一般（有绩点或人数限制）,(跳过),(跳过),(跳过),(跳过),上床下桌┋八人间或者其他（如独立单间等）〖五人间，与隔壁寝室共享一个阳台（女生宿舍环境是这样的）〗,教室有┋宿舍有〖五人间，与隔壁宿舍未完全隔断所以会有一个大空间有两个空调的情况。〗,有独卫〖独卫 但是比较小〗┋有独浴,(空),(空),允许带电脑,既严格查寝又按时封寝〖晚上十点半查寝，女生这边比较严十点钟就查。晚归会扣分多了会被退宿〗,米饭类平均15 有汤粉汤面饺子之类的选择。只是学校食堂不提供汤,(空),微信或支付宝直刷,都能发，快递点有校外的离宿舍步行十五分钟这样。,物价偏高（比校外贵不少）┋种类多,允许，外卖员可以送至宿舍楼下,严禁学生骑行和停放私家电瓶车,校内完全没有共享单车,一般，需要坐公交车转乘地铁〖从学校附近公交站坐到最近的地铁站算上等车需要半个小时起步〗,有晨跑/早起签到/早操/升旗要求〖目前无早晚自习要求，但开会有签到要求〗,无校园跑,无小学期，放假通知发的特别晚。寒暑假目前还没打听到,无 图书馆工作日早上八点开晚上九点 周末就是早上八点半至晚上九点,"喜欢爬山的朋友们可以来报考。每天光走都要走十五分钟还不算爬楼梯。校内小巴的班次不多要等很久。
以及宿舍规矩（女生宿舍）特别多，要求叠被子、垃圾桶清空、桌子上不能放东西、柜子里的东西必须收纳整齐、床帘在查寝时必须拉开。门禁虽是十点半但实际上十点就查寝。想要重温高三生活的朋友们可以来这里。"
313,2026/9/19 23:39:18,匿名受访者,广西艺术学院,2026-09,文化产业管理,（不愿透露）,本科,广西-南宁市-西乡塘区,主校区,(空),(跳过),(跳过),(跳过),(跳过),上床下桌,教室有〖体育馆没有，上课在那里跑步会热飞〗┋宿舍有,有独卫┋有独浴,(空),800w，不过800w有时候也会跳闸，最好买750w的吹风机,允许带电脑,偶尔查寝但不封寝,可以接受，一碗粉不加料基本10块钱以下,59有的觉得贵有的觉得便宜，网络还行吧，抢课就别用校园网了会很卡,实体校园卡┋微信或支付宝直刷,(空),种类多┋种类正常（与校外基本持平）,可以点，但只能去校门口/外卖柜/指定地点拿,可以自由骑行和充电〖如果是新电瓶进学校会难，建议在校内收二手〗,数量较少，早高峰基本靠抢,一般，需要坐公交车转乘地铁〖骑电瓶十几分钟到地铁站也可以，去火车东站得快一小时〗,有晨跑/早起签到/早操/升旗要求〖见过升旗但好像是每个学院轮流？〗,男生每次2公里女生每次1.5公里一周最多两次一学期跑二十多次，跑一半要刷脸，只给在操场跑,寒假暑假放假时间一样长都是快两个月,没去过但听说空调很冷,大一水课特别多，而且教学楼离体育馆特别远，有电车的就骑电车没电车就抢共享有体力的就快走或跑步，不然课间十分钟真的容易迟到。上课经常要挤电梯，而且有的晚课是直接从6点半上到9点40的。水费特别贵洗一次5毛钱打底，如果要洗头得一块两块了。而且只有一个洗澡间，六个人排队还是有点久的。用公共洗衣机时建议丢片消毒片或消毒水或者用桶自洁，亲眼见到有人把一堆味道令人作呕的衣服裤子丢进洗衣机里面。
314,2026/9/19 23:54:39,匿名受访者,安徽理工大学,2026-09,环境工程,（不愿透露）,本科〖大一〗,安徽-淮南市-田家庵区,主校区,(空),(跳过),(跳过),(跳过),(跳过),上床下桌,教室有┋宿舍有〖在一个小程序里面交电费〗,完全没有〖仁苑的话一楼有层浴〗,(空),说是这么说但是不限,允许带电脑,只封寝不查寝〖和宿管求求情就行〗,中规中矩,一般还行，但比如开学典礼/迎新晚会这样的人一多，你有没有校园网，你用不用流量都卡，宿舍还可以,实体校园卡┋手机虚拟校园码,又专门的驿站和快递柜,物价正常（与校外基本持平）┋种类正常（与校外基本持平）,允许，外卖员可以送至宿舍楼下,严禁学生骑行和停放私家电瓶车,数量较少，早高峰基本靠抢,偏僻，进城单程需要一小时以上〖进城最少要骑车！！！我跑着葱北门倒商业街要三四公里，路上还很少行人道〗,有强制晚自习〖大一有，军训的时候还有无聊的启航教育，收手机〗,公里的话我是新生不知道，但是刷的话听学长学姐说抓但程度中规中矩，但是抓不到没事，抓到保研啥的没了,正常放，稍短，可以看到关注校历,不清楚,军训方面事情特别多，身体不好的建议提前拿好病历请假，你假条甚至要自己打印还不给说咋请假，然后教官特别严都，你🍐禁止学生在宿舍休息
315,2026/9/20 11:45:51,匿名受访者,佛山大学,2026-09,数学与应用数学,（不愿透露）,本科〖大一〗,广东-佛山市-禅城区,江湾校区,(空),(跳过),(跳过),(跳过),(跳过),上下铺┋六人间┋八人间,教室有┋宿舍有,有独卫┋有独浴,断网〖0〗,(空),允许带电脑,不管（无封寝无查寝）,(空),(空),微信或支付宝直刷,(空),物价偏高（比校外贵不少）┋种类正常（与校外基本持平）,可以点，但只能去校门口/外卖柜/指定地点拿,可以骑，但限制很多或需要办牌照,校内完全没有共享单车,一般，需要坐公交车转乘地铁〖半小时〗,有强制晚自习〖大一〗,(空),不知道,没去过,此校区基础设施简陋 入学时军训时间苛刻 如经常六点集合 有时四点起床 下午基本很少有休息时间 晚上九点才能解散，不建议报考这个学校
316,2026/9/20 16:03:25,匿名受访者,天津工业大学,2024-09,化学工程与工艺,（女）,本科〖大三〗,天津-天津市-西青区,主校区,一般（有绩点或人数限制）,(跳过),(跳过),(跳过),(跳过),上床下桌┋四人间,教室有〖但是不凉快〗┋宿舍有〖要租〗,完全没有〖在楼内，但是很不方便。15:00-23:00供应热水〗,(空),限电但是查得不严，不过很容易断电用大功率,允许带电脑,只封寝不查寝〖能回，登记就行，管得很松〗,有清真食堂，味道中规中矩，但是学校很多商贩，有肯德基麦当劳瑞幸蜜雪茶百道711罗森沪上阿姨幸运咖....,校园网在公教图书馆免费，有额度但是我不清楚，宿舍需要另外买，流量够用就不需要,微信或支付宝直刷,可以在宿舍楼下寄快递，但是拿快递对东苑很不友好，有点远,物价偏高（比校外贵不少）┋种类正常（与校外基本持平）,允许，外卖员可以送至宿舍楼下,可以骑，但限制很多或需要办牌照〖宿舍楼下可以充电〗,车很多且种类丰富，很好骑,极好，校门口或步行距离内有地铁站,有强制晚自习〖大一有的专业有，但是很松〗,大一大二女生60男生80，不好刷,固定秋季学期20周上课，春季学期18周，没有小学期，寒暑假的话就正常,图书馆不需要抢，预约制位置很多，东苑没有24h自习室,(空)
317,2026/9/20 20:32:53,匿名受访者,湖北大学知行学院,2023-09,计算机,男,本科〖大四〗,湖北-武汉市-江岸区,主校区,(空),(跳过),(跳过),(跳过),(跳过),六人间,教室有┋宿舍有,有独卫┋有独浴,(空),(空),允许带电脑,既严格查寝又按时封寝〖不回得和导员沟通〗,还行,质量还行，100mb/s,微信或支付宝直刷,快递点不远,物价正常（与校外基本持平）┋种类正常（与校外基本持平）,允许，外卖员可以送至宿舍楼下,可以自由骑行和充电〖不知道，没骑过〗,校内完全没有共享单车,一般，需要坐公交车转乘地铁〖地铁很近，但是学校位置有点偏〗,有晨跑/早起签到/早操/升旗要求〖大一有升旗，不过频率很低〗,名存实亡，没跑也没见什么后果,寒假一个多月暑假两个多月，算是比较长的,有图书馆，不过没怎么去过,(空)
318,2026/9/21 9:41:45,匿名受访者,西安医学院,2026-09,临床,（不愿透露）,本科〖大一〗,陕西-西安市-未央区,主校区,一般（有绩点或人数限制）,(跳过),(跳过),(跳过),(跳过),六人间〖三连桌〗,教室有┋宿舍有,有独卫〖还有独立洗漱台，洗澡堂离宿舍不远，热水从早到晚都有〗,断电〖十一点多，空调电不断〗,300W，查寝不严，能挂帘,允许带电脑,只封寝不查寝〖晚十一点封寝〗,价格比外面便宜一点，味道尚可，卫生质量暂时没有发现问题,(空),实体校园卡┋微信或支付宝直刷,菜鸟驿站就在宿舍区，具体远近，看你是哪栋楼了，下班晚上七点,物价正常（与校外基本持平）┋种类正常（与校外基本持平）,可以点，但只能去校门口/外卖柜/指定地点拿,可以自由骑行和充电〖不清楚，没必要骑，学校不大〗,车很多且种类丰富，很好骑,一般，需要坐公交车转乘地铁〖一小时〗,有强制晚自习〖大一吧，也分学院，有的没有晚自习〗,一学期55次，每次最低2公里，大一大二要跑，可以,正常收放假时间,图书馆挺大，有，在宿舍区,无，之后有的话再来补充，高考加油。
319,2026/9/21 16:41:57,匿名受访者（2026年填写）,中南民族大学,2024-09,医学信息工程,（不愿透露）,本科〖大三〗,湖北-武汉市-洪山区,北区,一般（有绩点或人数限制）,(跳过),(跳过),(跳过),(跳过),上床下桌〖北区全是，南区还有部分不是，上床下桌也有两床共用一个直梯的，翻新除外〗,教室有┋宿舍有,有独卫┋有独浴〖没翻新的顶喷旁就是蹲坑，卫生间小，翻新的宿舍比较豪华〗,断电〖周一到周五23:30断电断网，第二天早上恢复，周末节假日不断，其实这是好事，遇到神人就知道了〗┋断网〖23:30断网，流量可以用〗,限电500w左右，查电器看学院，一般收好就行了，床帘窗帘都可以装，最好大一就装上。,允许带电脑,偶尔查寝但不封寝,南区四食堂是清真食堂，北区食堂翻新后比较好吃，但是价格高了，南区一二食堂价格优惠，卫生都有人专门监察，挺好的,校园网最新升级为WIFI桥接形式，最多支持两个移动设备一个电脑设备，能用，打游戏有时候会突然卡一下，打游戏的话不推荐办,实体校园卡┋微信或支付宝直刷,校内设有菜鸟驿站，还有顺丰快递，邮政也可以发收,物价正常（与校外基本持平）┋种类正常（与校外基本持平）,可以点，但只能去校门口/外卖柜/指定地点拿〖校门口有货架和外卖柜〗,可以骑，但限制很多或需要办牌照〖有充电桩，教学楼下就有〗,车很多且种类丰富，很好骑,一般，需要坐公交车转乘地铁〖北区公交一站，大概五分钟，走路二十分钟〗,有晨跑/早起签到/早操/升旗要求〖有早签，看学院，早签关乎绩点，绩点评奖学金用，不在乎可以不签，有些学院和体育挂钩，最好问清辅导员，新生会有晚自习，只能说，别太老实〗,之前有，现在在整改，还没确定，之前是男:1.5km，女:1.2km，大一每学期打卡40次，每天只能打卡一次，大二大三每学期60次，之前都可以骑车刷,暑假一般七月到八月底九月初，寒假一月初到二月底,图书馆手机提前预约位置和时间，非期末周位置充足，自习可以找空教室,"其他学院不知，生医工期末50分斩杀线（高考生别觉得很简单，来了你就知道了，除非你真大佬，那我膜拜），没有补考，直接重修（最可恶），重修第一次不收学分费，学分一分一百块。
有开学考！！！记得应该是数学，高考一半难度，用于学科分班，a班绩点不扣，b班绩点0.9，在乎奖学金的尽量注意一下，别把高中知识都忘了。
还有，一定要善用ai，有些问题问ai就知道了，别被人骗了
学校使用企业微信，都是实名制，开学人多，判断条件就是让他打开企业微信，你企业微信能搜到他，就算被骗学校也能找到他"
320,2026/9/21 18:45:12,匿名受访者,浙江育英职业技术学院,2026-09,影视,（不愿透露）,大专〖大一〗,浙江-杭州市-钱塘区,主校区,一般（有绩点或人数限制）,(跳过),(跳过),(跳过),(跳过),六人间〖不是上床下桌宿舍很小〗,教室有〖两台〗┋宿舍有,有独卫┋有独浴〖厕所包含蹲坑洗漱台和淋浴，小还臭，只用帘子隔开来〗,断电〖11点〗┋断网〖11点〗,500w，不让装窗帘,允许带电脑,既严格查寝又按时封寝,便宜,一般吧,微信或支付宝直刷,挺近的,物价正常（与校外基本持平）┋种类正常（与校外基本持平）,可以点，但只能去校门口/外卖柜/指定地点拿〖公寓门口〗,可以骑，但限制很多或需要办牌照〖不清楚〗,数量较少，早高峰基本靠抢,极好，校门口或步行距离内有地铁站,有强制晚自习〖两小时晚自习〗┋有晨跑/早起签到/早操/升旗要求〖晨跑〗,不知道,不知道,不知道,(空)
321,2026/9/21 18:59:20,匿名受访者,三门峡社会管理职业学院,2026-09,旅游管理,（不愿透露）,大专〖大一〗,河南-三门峡市-灵宝市,主校区,一般（有绩点或人数限制）,(跳过),(跳过),(跳过),(跳过),上床下桌〖两个上下铺，两个上床下桌桌桌〗┋六人间,宿舍有,有独卫〖宿舍楼内〗,(空),会，严，不允许,允许带电脑,既严格查寝又按时封寝〖需要向宿管说明情况〗,不提供,不可以,微信或支付宝直刷┋银行联名卡,基本上都可以发，在校外，早上不知道晚上8：40下班,物价偏高（比校外贵不少）┋种类正常（与校外基本持平）,允许，外卖员可以送至宿舍楼下,严禁学生骑行和停放私家电瓶车,校内完全没有共享单车,一般，需要坐公交车转乘地铁,有强制晚自习,(空),不知道,是,(空)
322,2026/9/22 9:04:29,匿名受访者,电子科技大学,2026-09,计算机,（不愿透露）,本科〖大一〗,四川-成都市-郫都区,主校区,(空),(跳过),(跳过),(跳过),(跳过),上床下桌〖上床部分改造后的寝室床宽只有80cm，很窄，且无法使用常规的90cm床上用品〗┋四人间,教室有┋宿舍有,有独卫┋有独浴〖干湿不分离〗,(空),不限，不严，查的时候放柜子里,表面不允许但带了也没人管,只封寝不查寝〖能回，登记即可，每周查寝一次，不严〗,小贵，味道一般，卫生还可以,教学区免费，宿舍区300M下行30M上行，有线无线均有，有IPv6，三大运营商自己选，39/月，限两台设备同时使用，锐捷Web认证,实体校园卡┋微信或支付宝直刷,菜鸟驿站，离宿舍比较远，晚上十点前都能拿,物价偏高（比校外贵不少）┋种类正常（与校外基本持平）,允许，外卖员可以送至宿舍楼下,可以自由骑行和充电〖有公用充电桩，但位置不多，要排队〗,数量较少，早高峰基本靠抢,一般，需要坐公交车转乘地铁〖郊区，不过周围吃的挺多的，到市中心得打半个小时〗,有强制早自习〖大一有，7:20到8:05，计院考勤严格〗,50km可慢速骑车,四五十天，无小学期,图书馆还可以，自习室没了解,"不同老师授课、要求、给分差距很大，一定要多关注各个群和学长的消息，选个好点的老师！！！课要抢且非常难抢，确保网络通畅，提前做好准备。
学校本身实力在那，也有很多硬核项目、比赛、组织，如果不介意设施有点老旧，人文关怀约等于0，氛围很卷，管理和制度有些“高中化”的话，可以来。"
323,2026/9/22 12:01:20,匿名受访者,闽南理工学院,2025-09,不愿透露,（不愿透露）,本科,福建-泉州市-石狮市,闽南理工学院宝盖校区,(空),(跳过),(跳过),(跳过),(跳过),上床下桌,教室有〖部分教室有〗┋宿舍有,有独卫┋有独浴,(空),当时入学的时候说寝室除空调之外其他的加起来不超过1800w。会没收。查的程度不清楚。可以挂窗帘,允许带电脑,偶尔查寝但不封寝,(空),现在什么路由器之类的其实都是潜规则，你装了好像也没有人说你什么,实体校园卡┋微信或支付宝直刷,(空),物价偏高（比校外贵不少）┋种类少,可以点，但只能去校门口/外卖柜/指定地点拿〖取决于你的宿舍楼〗,严禁学生骑行和停放私家电瓶车,数量较少，早高峰基本靠抢,一般，需要坐公交车转乘地铁,有强制晚自习〖大一有，不要当工贼呀，你不想上就都别上，别到时候就一两个不上，那很危险〗┋有晨跑/早起签到/早操/升旗要求〖偶尔升旗.我从导员那边听说外国语学院好像早上6:00要起来早读〗,有个新通知，说的是所有大学体育（一）也就是大一的学生在那个学期要跑44次，每次2公里，时间在8-20分钟，禁止使用代步工具,寒假四周，暑假八周，没有小学期,这个我不清楚,单及格制.还有教材费如果你正常上学没有退学休学的话他不让你退，理由是我们学校跟那些985不一样，还有说什么要保持正版和保持学习的连贯性，因为书每年或多或少会改版一点
324,2026/9/22 13:00:11,匿名受访者6666,昆玉职业技术学院,2025-09,农业,（不愿透露）,大专〖大二〗,新疆-昆玉市,主校区,一般（有绩点或人数限制）,(跳过),(跳过),(跳过),(跳过),上床下桌〖有上床下桌也有上下铺〗┋六人间,教室有〖地冷地暖〗┋宿舍有〖地冷地暖〗,有独卫〖在宿舍〗┋有独浴〖在宿舍〗,断电〖夜里12点30半〗,会，偶尔，有,允许带电脑,偶尔查寝但不封寝,一般,(空),微信或支付宝直刷,邮政，挺近,物价偏高（比校外贵不少）┋物价正常（与校外基本持平）,可以点，但只能去校门口/外卖柜/指定地点拿,可以骑，但限制很多或需要办牌照,校内完全没有共享单车,一般，需要坐公交车转乘地铁,有强制早自习〖无，但有早上第一节课〗,没有学期跑步打卡要求,2个月,无,(空)
325,2026/9/22 13:50:40,匿名受访者,湛江科技学院,2026-09,会计,（不愿透露）,本科〖1〗,广东-湛江市-麻章区,主校区,很容易（门槛低/通过率高）,(跳过),(跳过),(跳过),(跳过),上床下桌┋四人间〖听说四人间宿舍里的过道比较小〗┋六人间,教室有┋宿舍有,有独卫┋有独浴,(空),800,允许带电脑,只封寝不查寝〖能，要登记〗,还行,(空),手机虚拟校园码┋微信或支付宝直刷,都可以，看那个快递，快递站有两个集中的地方,物价偏高（比校外贵不少）┋物价正常（与校外基本持平）,允许，外卖员可以送至宿舍楼下,可以骑，但限制很多或需要办牌照〖楼下〗,车很多且种类丰富，很好骑,偏僻，进城单程需要一小时以上〖学校有去市区和旧校区的通勤车（免费）〗,有晨跑/早起签到/早操/升旗要求〖校园跑（一学期30次及格，50次满分），升旗好像是照轮的〗,男2.5，女2，可以,一两个月，没有,开到23点,(空)
326,2026/9/22 15:06:58,匿名受访者,杭州医学院,2026-08,康复治疗,男,本科,浙江-杭州市-临安区,临安校区,(空),(跳过),(跳过),(跳过),(跳过),六人间〖三联桌，喜欢互肘的来〗,教室有┋宿舍有,有独卫┋有独浴,(空),(空),允许带电脑,只封寝不查寝,贵，淡，江西人别来,办了个校园卡，不知道,手机虚拟校园码,远,物价偏高（比校外贵不少）┋种类少,允许，外卖员可以送至宿舍楼下,可以自由骑行和充电,校内完全没有共享单车,偏僻，进城单程需要一小时以上,有强制早自习┋有强制晚自习〖大一需要〗,100公里，每天限量，规定地点，不能用自行车,正常,晚上会封寝,滨江校区没了，现在本科都在临安上，在山里，交通不方便，小卖部商品种类少，杭州饮食味道偏淡，消费偏高，还有，别来学医，也别来杭医
327,2026/9/22 19:41:16,Amigo,江苏师范大学,2026-09,人工智能,（不愿透露）,本科〖大一〗,江苏-徐州市-铜山区,主校区,(空),(跳过),(跳过),(跳过),(跳过),上床下桌┋上下铺┋四人间〖有上床下桌有上下床，上床下桌有好有差（差的如0号楼，据说2027年翻新），上下床的宿舍设施都很新很好不用担心〗┋六人间〖（今年2026）只有八组团（目前是一些地理空间学院男生），设施很一般〗,教室有〖江苏唯一冬天教室有集中供暖的城市这一块〗┋宿舍有,有独卫〖有的是独卫有的是公卫，个人体感公卫>独卫，不用自己打理不会也臭到宿舍里，有些楼甚至宿舍卫生间是两个宿舍共用一间中间用板子隔开〗,(空),1. 反正别用大号电器，也用不到，吹风机可以带在公共插头用（也有公共吹风机）2.会查，26.9.22刚在宿舍查抄一台洗衣机。不清楚严不严，不清楚会不会没收。3.都允许,允许带电脑,只封寝不查寝〖能回宿舍，最好还是报备一下吧〗,卫生有待商榷，也可能是我肠胃差。价格和饭菜都是不错的。,一定要是徐州本地的卡才能办理校园套餐！有条件千万不要相信任何办卡的，任何！即使要办也去校外200米内那个营业厅不容易被蒙住！ipv6不清楚。校园内严禁自装路由器。校园网满速还可以（最好宿舍里用）好多地方网很差（操场、路上之类的）。,实体校园卡┋微信或支付宝直刷,(空),物价偏低（与校外便宜）┋种类正常（与校外基本持平）,允许，外卖员可以送至宿舍楼下,可以骑，但限制很多或需要办牌照〖有教职工牌照，学生一般私家自行车〗,校内完全没有共享单车,极好，校门口或步行距离内有地铁站,有强制晚自习,(空),一般放假。无小学期。,都有，应该都还不错。似乎无24小时的,大一上不能考四级！！！大一上不能考四级！！！大一上不能考四级！！！大一上不能考四级！！！就冲这点千万别来！很坑！
328,2026/9/23 12:30:09,匿名受访者,长安大学,2026-09,电子信息类,（不愿透露）,本科〖1〗,陕西-西安市-未央区,渭水校区,一般（有绩点或人数限制）,(跳过),(跳过),(跳过),(跳过),四人间〖西区没有独卫〗,教室有〖修远4号楼没有〗┋宿舍有,有独卫〖西区有的楼没有〗,断电〖26年10月以后不断〗,750w 很少查 允许,允许带电脑,只封寝不查寝〖能，吵醒大妈会被大妈骂〗,部分窗口贵，质量一般,12元每月，10m带宽。也有别的套餐，最快100m，价格昂贵，拉完了。以前能自办家宽，现在不能,实体校园卡┋手机虚拟校园码,大部分都能，东西区都有驿站,物价正常（与校外基本持平）┋种类正常（与校外基本持平）,允许，外卖员可以送至宿舍楼下,可以自由骑行和充电〖充电桩很少，车很多〗,车很多且种类丰富，很好骑,一般，需要坐公交车转乘地铁〖10-20分钟〗,有晨跑/早起签到/早操/升旗要求〖都没有，但是这个问题必须选一个选项〗,50次*2km，不被检测，有能力就可以刷,寒假5周半暑假7周，小学期没有,有,晚自习看学院，有的学院有，有的没有。我的答案是根据渭水校区答的。南校区对电动车管控很严。可以校外租房。考勤是软件签到。很少点名。
329,2026/9/23 14:13:29,fufu1437,重庆水利电力职业技术学院,2026-09,不愿透露,（不愿透露）,大专〖不愿透露〗,重庆-重庆市-永川区,主校区,(空),(跳过),(跳过),(跳过),(跳过),上床下桌〖八人寝室四上床下桌，两上下铺，桌子小〗┋六人间┋八人间,教室有┋宿舍有,有独卫┋有独浴,断电〖晚上11点断，早上6点恢复〗,会没收违禁电器,允许带电脑,既严格查寝又按时封寝,(空),带宽不知道，wifi质量极低，网速慢,微信或支付宝直刷,(空),物价正常（与校外基本持平）┋种类正常（与校外基本持平）,可以点，但只能去校门口/外卖柜/指定地点拿,可以自由骑行和充电〖实际不清楚，但问卷没有不清楚选项〗,校内完全没有共享单车,极好，校门口或步行距离内有地铁站,有晨跑/早起签到/早操/升旗要求〖晚自习看课程安排，有早上8点起床要求，没有晨跑/早起签到/早操/升旗要求，但问卷没有其他选项👎，且至少选一个〗,(空),正常放,不清楚,"住校生放假晚上不归寝，必须请假，哪怕是国庆这种也不例外，典型的神人领导的神人规矩
寝室环境差，至少6人间，部分6人间没有衣柜，寝室是4人寝改的，所以特别之小
总之，有其他选择的，永远不要填这个学校"
330,2026/9/23 20:23:55,匿名受访者,广东潮州卫生健康职业学院,2026-09,数字媒体技术,（男）,大专,广东-潮州市-湘桥区,主校区,一般（有绩点或人数限制）,(跳过),(跳过),(跳过),(跳过),上床下桌,教室有┋宿舍有,有独卫〖厕所和洗澡都在一块，热水要插卡，农行，找学校办，每天都有免费额度〗,(空),无，学长说只会查做饭的,允许带电脑,既严格查寝又按时封寝〖就是11点熄灯就行，晚归报给舍长〗,有吧，不过我直接美团点，也是校内配送,电信宽带，不收费，我桌子上网口是个摆设，插墙上，能跑10多mb，应该就是百兆网，就是办个电信卡，账密登录app，路由器随意,微信或支付宝直刷,都可以，700米吧，距离宿舍有点小远，不知道,物价正常（与校外基本持平）┋种类正常（与校外基本持平）,可以点，但只能去校门口/外卖柜/指定地点拿〖外面的要到校门口，也就是快递站旁边，校内的直接配送到宿舍楼下自己拿〗,可以自由骑行和充电,校内完全没有共享单车,偏僻，进城单程需要一小时以上〖打车30分钟左右到高铁站，也有公交要将近2小时才能到〗,有晨跑/早起签到/早操/升旗要求〖25和26界要求开始跑了，用小步点app〗,1.跑步区域：设置田径场、景观山、图书馆三处电子围栏及线路， 启动App后随机生成路线，须按APP提示点位跑步。（详见附件2） 2.距离范围：单次最低男生1.6公里、女生1.2公里，每日上限5 公里。 3.步频范围：50-300步/分钟，配速范围：3’00-10’00。 4.开始后最大暂停时间10分钟，超时自动结束并上传。 5.每次跑步需选择“学分跑”模式进行，经过软件出现的打卡圆 点（地图上黄绿色点位逐个显示，最多5个），感应范围约30米。,就正常假期吧，小学期没听过,似乎没有,都还可以，宿舍环境都还可以，不过也偏僻，眉毛
331,2026/9/23 23:09:33,匿名受访者,重庆交通大学,2024-09,不便透露,（不愿透露）,本科〖不便透露〗,重庆-重庆市-南岸区,南岸校区,很容易（门槛低/通过率高）,(跳过),(跳过),(跳过),(跳过),六人间〖雅园E难受啊，6号床的桌子到不到半米〗,教室有〖好学校，大教室前后都是大空调〗┋宿舍有〖好用，夏天大概一天十块〗,有独卫〖雅园有的，应该只有菁园男寝没有〗,断电〖以前11点，现在12点，就是只能开空调，不能充电〗┋断网〖没买校园网不知道，应该和电一起断〗,1200w，会的吧，还没住几天，雅园是不管几瓦都不要放在桌面上，科学城德园是超功率了不要放桌面，可以挂床帘，德园不管，雅园每天出门要把帘子拉开还要叠被子（,允许带电脑,既严格查寝又按时封寝〖不好说，不怎么晚归，大概11点过后归寝系统会报给导员害导员被批〗,不太得劲，不怎么吃，还是喜欢科学城食堂，科学城有清真，说的特殊选项好像没看到过，刚来几天,没买校园网,实体校园卡┋手机虚拟校园码,感觉都能发，没寄过，雅园自己宿舍的驿站挺近的，但是有时候填雅园还会送到2号楼，那就很不幸上下山三公里了,物价正常（与校外基本持平）┋种类正常（与校外基本持平）,允许，外卖员可以送至宿舍楼下,可以骑，但限制很多或需要办牌照〖不知道，没骑过，技术不好，全是陡坡和阶梯，路都是给机动车修的那种〗,校内完全没有共享单车,极好，校门口或步行距离内有地铁站,有晨跑/早起签到/早操/升旗要求〖不知道，有的学院有〗,50km，大一大二体测80分20km，70分好像是30km？单次1-5km，配速15min以内，多少以上忘了，反正跑不了那么快，雅园每天通勤开校园跑就有五公里,今年寒假40天，暑假五周，小学期已崩溃,图书馆没去过，一栋宿舍一千个人有两个迷你自习室，每个能坐个10个人的样子，教室没什么人，空调和灯随便开,无障碍不清楚，校医院没怎么去过。挂科就是大多数课可以补考，补考过了就不用重修。南岸可以校外租房，甚至会建议校外租房，不过申请贫困生最好就不要了，可能会被取消资格。线性代数有卷面50的斩杀线，其它好像没有双及格单及格什么的，上课点名严不严看老师吧，基本都是学习通签到。
332,2026/9/24 10:08:26,areacloser,华中科技大学,2026-09,计算机类,男,本科〖大一〗,湖北-武汉市-洪山区,主校区,很容易（门槛低/通过率高）,(跳过),(跳过),(跳过),(跳过),上床下桌┋四人间,教室有┋宿舍有,有独卫┋有独浴,断电〖本科生国庆后十二点断电〗┋断网〖本科生国庆后十二点断网〗,(空),允许带电脑,不管（无封寝无查寝）,华科的饭菜真的很便宜，而且也挺好吃的，学校特色属于是,每月15到20不限量，也有按量计费套餐，速度还行，就是偶尔抽搐，覆盖范围严格限制在宿舍和教学区内，教学楼里出教室也会没网，这微操就离谱,实体校园卡┋手机虚拟校园码┋微信或支付宝直刷,我住的宿舍离快递收发点很近，也有校园送服务,物价正常（与校外基本持平）┋种类正常（与校外基本持平）,允许，外卖员可以送至宿舍楼下,可以自由骑行和充电〖宿舍楼附近有集中充电桩〗,数量较少，早高峰基本靠抢,极好，校门口或步行距离内有地铁站,有晨跑/早起签到/早操/升旗要求〖其实并没有，只是这个问卷强制要填〗,一学期42次，每次至少两公里，可以刷，也可以用其他锻炼形式或比赛抵扣,还不知道,自习资源非常多，除了图书馆，几乎每个教学楼底部都有电子公告牌告诉你那些教室是空教室可自习，还有学生活动中心这种东西，简直是卷狗的天堂,高中没上爽的来，学在妮可可不是浪得虚名，不过学校和宿舍环境这块真没得说，非常顶
333,2026/9/24 17:21:45,卡卡,南京信息工程大学,2023-09,自动化,男,本科〖大四〗,江苏-南京市-浦口区,主校区,一般（有绩点或人数限制）,(跳过),(跳过),(跳过),(跳过),上床下桌〖文园20、21栋是上床下桌〗┋四人间〖绝大部分宿舍是四人间〗┋六人间〖沁园22、23、24是六人间，公共浴室和卫生间〗,教室有〖教学楼里除去文德楼之外都有空调〗┋宿舍有〖宿舍都有，无非是中央空调和壁挂空调的区别〗,有独卫〖沁园22、23、24不是独卫〗┋有独浴〖沁园22、23、24不是独浴〗,断电〖夏季不断，冬季11点半〗┋断网〖零点断wifi〗,会有违禁电器检查，但不严，查寝时藏好就行，洗衣机这种过于明显，会扣分宿管阿姨也会讲，允许窗帘/床帘,允许带电脑,只封寝不查寝〖一般11点半锁宿舍门，可以喊醒阿姨给你开，查寝频率一学期也就几次吧〗,提供清真，卫生质量还不错，正常午饭晚饭价格一般在13至18之间，品类多样味道也都可以,收费偏贵了，校园卡月租也有四十以上，不办卡用不了宽带，基本校内就电信和移动这两家，可以用路由器，不提供ipv6，速率在100M多一点，稳定性挺差的，光缆出问题挺频繁的，如果是教学楼上课时校园网基本不可用，人太多了,实体校园卡┋微信或支付宝直刷┋银行联名卡,所有快递都可以，一般气象谷的驿站8点半下班，要注意三通一达被学校从西苑赶出到中苑校外的气象谷了，西苑的学生要走好远去拿，否则西苑只有京东和顺丰留在校内,物价偏高（比校外贵不少）┋种类多,可以点，但只能去校门口/外卖柜/指定地点拿〖都校门口和外卖柜挺近的，但进不来学校，另外偷外卖现象非常频繁〗,可以骑，但限制很多或需要办牌照〖充电挺方便，但现在已经办不了电瓶车和自行车的通行证了，学校在各门口设立了RFID芯片的检查装置，无证车无法进校，另外每到五一、国庆或者寒暑假，保安会将无证车拖出校外锁住〗,数量较少，早高峰基本靠抢,极好，校门口或步行距离内有地铁站,有强制晚自习〖大一有，从6点45到9点20〗┋有晨跑/早起签到/早操/升旗要求〖校园跑要求晨跑〗,一学期48次1km跑吧，从26届开始由只有两年变成四年都要跑步，跑步软件还要人脸认证挺严苛的，检查到作弊会取消已有成绩,一学期18周，寒暑假正常时间长短,自习基本在图书馆，教学楼一般晚10点赶人走，图书馆也不是24h开放，要早起抢座位,南信大现在处于下坡路，虽然宣传挺网红，但各方面对学生的人文关怀都在下降。因为气象专业属于学校王牌，资源基本都倾斜向气象，甚至完全不相干的专业也有气象方面的必修课。日常上课也越发严苛，甚至部分学院要求上交手机，教务处会通过监控巡查。考勤看各个任课老师，有些老师授课宽松，但有些老师很过分，甚至有通识课要求学生去看她演唱会才加分，包括高数老师也有上课大谈自己子女留学成就的，要求学生雨天不得迟到的。本人所在的自动化院辅导员和教学工作的老师都很好，但是某些专业课任课老师实在太令人失望，有明显给低分以符合正态分布的情况。另外随着学校扩大招生，生源参差不齐，极端性别主义的现象很多，校园集市常有逆天的性别对立帖子，甚至就此常有上课与老师争吵的情况。
